county,county_fips,year,labor_force,employed,unemployed,unemployment_rate,total_pop,age_16_plus,age_65_plus,age_16_plus_pop,age_65_plus_pop,lfpr,not_in_labor_force
Barbour County,54001,2010,6868,6194,674,9.8,16256,80.8,16.2,13134.847999999998,2633.472,52.288385826771666,6266.847999999998
Barbour County,54001,2011,6774,6165,609,9.0,16373,80.7,16.2,13213.011,2652.426,51.267648229461095,6439.011
Barbour County,54001,2012,6736,6197,539,8.0,16472,80.6,16.8,13276.431999999999,2767.2960000000003,50.73652318635007,6540.431999999999
Barbour County,54001,2013,6730,6255,475,7.1,16655,81.0,17.2,13490.550000000001,2864.66,49.886772592666716,6760.550000000001
Barbour County,54001,2014,6904,6447,457,6.6,16723,81.1,17.8,13562.353,2976.6940000000004,50.90562087566959,6658.352999999999
Barbour County,54001,2015,6982,6482,500,7.2,16731,81.5,18.2,13635.765,3045.042,51.20358117054672,6653.764999999999
Barbour County,54001,2016,6707,6245,462,6.9,16892,81.9,18.5,13834.548,3125.02,48.48008044787585,7127.548000000001
Barbour County,54001,2017,6487,6099,388,6.0,16790,82.2,18.570577724836212,13801.380000000001,3118.0,47.00254612219938,7314.380000000001
Barbour County,54001,2018,6549,6157,392,6.0,16730,82.2,18.99581589958159,13752.060000000001,3178.0,47.62195627418728,7203.060000000001
Barbour County,54001,2019,6745,6330,415,6.2,16633,82.1,19.395178260085373,13655.693,3226.0000000000005,49.39331896228188,6910.692999999999
Barbour County,54001,2020,6701,6119,582,8.7,16543,82.5,20.050776763585805,13647.974999999999,3317.0,49.098858988238185,6946.9749999999985
Barbour County,54001,2021,6640,6268,372,5.6,15600,81.8,20.032051282051285,12760.8,3125.0000000000005,52.03435521283932,6120.799999999999
Barbour County,54001,2022,6701,6390,311,4.6,15527,82.3,20.834675082115027,12778.721,3235.0,52.43873780482413,6077.721
Barbour County,54001,2023,6665,6330,335,5.0,15454,82.6,20.79720460722143,12765.003999999999,3214.0,52.21306628654406,6100.003999999999
Barbour County,54001,2024,6578,6248,330,5.0,15424,82.9,21.109958506224068,12786.496000000001,3256.0000000000005,51.444899368834115,6208.496000000001
Berkeley County,54003,2010,51009,46745,4264,8.4,100910,77.2,10.9,77902.52,10999.19,65.47798453759903,26893.520000000004
Berkeley County,54003,2011,51206,47435,3771,7.4,102801,77.4,11.2,79567.974,11513.712,64.35503812124209,28361.974000000002
Berkeley County,54003,2012,52356,49003,3353,6.4,104410,77.4,11.5,80813.34,12007.15,64.78633354344716,28457.339999999997
Berkeley County,54003,2013,52732,49792,2940,5.6,105812,77.6,11.9,82110.112,12591.628,64.22107912847568,29378.111999999994
Berkeley County,54003,2014,53171,50312,2859,5.4,107324,77.9,12.3,83605.39600000001,13200.852,63.59756970710359,30434.396000000008
Berkeley County,54003,2015,54612,52015,2597,4.8,108724,78.2,12.8,85022.168,13916.672,64.23265988700734,30410.168000000005
Berkeley County,54003,2016,58056,55917,2139,3.7,110173,78.1,13.2,86045.113,14542.836000000001,67.47158319148235,27989.112999999998
Berkeley County,54003,2017,59717,57665,2052,3.4,111610,78.3,13.67977779768838,87390.62999999999,15268.000000000002,68.3334128613102,27673.62999999999
Berkeley County,54003,2018,61230,58925,2305,3.8,113495,78.8,14.053482532270145,89434.06,15950.000000000002,68.46384923148966,28204.059999999998
Berkeley County,54003,2019,62021,59920,2101,3.4,115329,79.1,14.450831967675088,91225.23899999999,16666.0,67.98666759316467,29204.238999999987
Berkeley County,54003,2020,60775,57218,3557,5.9,117615,79.0,14.771075117969648,92915.85,17373.0,65.4086466410198,32140.850000000006
Berkeley County,54003,2021,62846,60649,2197,3.5,120460,79.4,14.737672256350656,95645.24,17753.0,65.70739955276393,32799.240000000005
Berkeley County,54003,2022,64210,62416,1794,2.8,123283,79.7,14.967189312395057,98256.551,18452.0,65.34933228014485,34046.55100000001
Berkeley County,54003,2023,65441,63362,2079,3.2,126165,79.7,15.095311695002575,100553.505,19045.0,65.08077465822797,35112.505000000005
Berkeley County,54003,2024,66150,63986,2164,3.3,129514,79.6,15.265531139490712,103093.14399999999,19771.0,64.16527562686419,36943.143999999986
Boone County,54005,2010,8809,8053,756,8.6,24872,79.5,14.1,19773.24,3506.9519999999998,44.550109137399836,10964.240000000002
Boone County,54005,2011,8681,8010,671,7.7,24746,79.8,14.1,19747.307999999997,3489.1859999999997,43.96042235225177,11066.307999999997
Boone County,54005,2012,8925,8032,893,10.0,24617,79.8,14.4,19644.365999999998,3544.8480000000004,45.43287373081931,10719.365999999998
Boone County,54005,2013,8680,7858,822,9.5,24517,80.0,14.7,19613.600000000002,3603.999,44.25500673002406,10933.600000000002
Boone County,54005,2014,8517,7742,775,9.1,24257,79.9,15.3,19381.343,3711.321,43.94432315655318,10864.343
Boone County,54005,2015,8280,7497,783,9.5,24000,80.1,16.0,19224.0,3840.0,43.07116104868914,10944.0
Boone County,54005,2016,8035,7304,731,9.1,23645,80.8,16.9,19105.16,3996.0049999999997,42.05670091221429,11070.16
Boone County,54005,2017,7820,7329,491,6.3,23236,81.0,17.56756756756757,18821.16,4082.0,41.548979977854714,11001.16
Boone County,54005,2018,7737,7283,454,5.9,22817,80.8,18.33282201867029,18436.136,4183.0,41.966494497545476,10699.135999999999
Boone County,54005,2019,7576,7167,409,5.4,22368,81.1,19.112124463519315,18140.448,4275.0,41.763025918654265,10564.448
Boone County,54005,2020,7574,6808,766,10.1,21897,81.4,19.879435539114947,17824.158,4353.0,42.492890828279236,10250.158
Boone County,54005,2021,7372,6933,439,6.0,22059,81.3,20.25477129516297,17933.967,4468.0,41.10635421599694,10561.967
Boone County,54005,2022,7305,6989,316,4.3,21705,82.0,21.068878138677725,17798.1,4573.0,41.04370691253561,10493.099999999999
Boone County,54005,2023,7346,7047,299,4.1,21312,82.2,21.612237237237235,17518.464,4605.999999999999,41.93290005333801,10172.464
Boone County,54005,2024,7337,7000,337,4.6,21026,82.4,22.144012175401883,17325.424000000003,4656.0,42.34816994954928,9988.424000000003
Braxton County,54007,2010,5681,5067,614,10.8,14558,82.0,17.2,11937.56,2503.9759999999997,47.589289603570585,6256.5599999999995
Braxton County,54007,2011,5489,4904,585,10.7,14541,82.1,17.3,11938.161,2515.5930000000003,45.978605917611596,6449.161
Braxton County,54007,2012,5410,4848,562,10.4,14531,82.3,17.8,11959.012999999999,2586.5180000000005,45.23784696947817,6549.012999999999
Braxton County,54007,2013,5346,4802,544,10.2,14524,82.4,18.2,11967.776000000002,2643.368,44.66995371571125,6621.776000000002
Braxton County,54007,2014,5284,4794,490,9.3,14492,82.6,18.7,11970.392,2710.004,44.142246970692355,6686.392
Braxton County,54007,2015,5525,5046,479,8.7,14466,82.4,19.4,11919.984,2806.4039999999995,46.35073335668907,6394.984
Braxton County,54007,2016,5330,4861,469,8.8,14463,82.9,20.4,11989.827000000001,2950.4519999999998,44.45435284429041,6659.827000000001
Braxton County,54007,2017,5000,4616,384,7.7,14345,82.7,20.5158591843848,11863.315,2943.0,42.146735545671675,6863.3150000000005
Braxton County,54007,2018,4853,4514,339,7.0,14282,82.8,21.383559725528638,11825.496,3054.0000000000005,41.03844777419907,6972.495999999999
Braxton County,54007,2019,4919,4546,373,7.6,14190,82.6,22.438336856941508,11720.939999999999,3184.0,41.96762375713894,6801.939999999999
Braxton County,54007,2020,4879,4362,517,10.6,14032,82.7,22.947548460661345,11604.464000000002,3220.0,42.04416507302706,6725.464000000002
Braxton County,54007,2021,4701,4371,330,7.0,12702,83.3,23.15383404188317,10580.766,2941.0000000000005,44.42967550742546,5879.766
Braxton County,54007,2022,4770,4480,290,6.1,12505,83.9,24.086365453818473,10491.695000000002,3012.0,45.46453170817489,5721.6950000000015
Braxton County,54007,2023,4786,4547,239,5.0,12345,84.0,24.4228432563791,10369.8,3015.0,46.15325271461359,5583.799999999999
Braxton County,54007,2024,4812,4533,279,5.8,12208,84.2,24.926277850589777,10279.136,3043.0,46.8132730221684,5467.136
Brooke County,54009,2010,10911,9694,1217,11.2,24194,83.5,19.2,20201.989999999998,4645.2480000000005,54.009530744248465,9290.989999999998
Brooke County,54009,2011,10707,9703,1004,9.4,24081,83.7,19.0,20155.797000000002,4575.39,53.12119386794776,9448.797000000002
Brooke County,54009,2012,10659,9763,896,8.4,24021,84.1,19.4,20201.661,4660.074,52.76298815231084,9542.661
Brooke County,54009,2013,10405,9611,794,7.6,23932,84.0,19.5,20102.88,4666.74,51.758752974698155,9697.880000000001
Brooke County,54009,2014,10221,9494,727,7.1,23787,84.2,20.1,20028.654000000002,4781.187,51.031886616045185,9807.654000000002
Brooke County,54009,2015,10210,9484,726,7.1,23665,84.3,20.6,19949.594999999998,4874.990000000001,51.17898383400766,9739.594999999998
Brooke County,54009,2016,10323,9622,701,6.8,23473,84.2,21.5,19764.266000000003,5046.695,52.23062672805556,9441.266000000003
Brooke County,54009,2017,10309,9709,600,5.8,23067,84.4,21.84939523995318,19468.548000000003,5040.0,52.95207428925875,9159.548000000003
Brooke County,54009,2018,10430,9835,595,5.7,22772,84.1,22.264184085719304,19151.252,5070.0,54.46119136231928,8721.252
Brooke County,54009,2019,10499,9975,524,5.0,22459,84.4,22.814907164165813,18955.396,5124.0,55.38792225707129,8456.396
Brooke County,54009,2020,10276,9409,867,8.4,22162,84.5,23.35078061546792,18726.89,5175.0,54.872966093142004,8450.89
Brooke County,54009,2021,10223,9621,602,5.9,22603,84.4,23.373003583595096,19076.932,5283.0,53.58828138612645,8853.932
Brooke County,54009,2022,10149,9703,446,4.4,22349,84.6,24.072665443644013,18907.254,5380.0,53.677810643470494,8758.254
Brooke County,54009,2023,9979,9500,479,4.8,22053,85.2,24.468326304811136,18789.156,5396.0,53.11042177732731,8810.155999999999
Brooke County,54009,2024,9750,9228,522,5.4,21805,85.4,25.19146984636551,18621.47,5493.0,52.35891688464981,8871.470000000001
Cabell County,54011,2010,43292,40253,3039,7.0,95526,82.6,16.0,78904.476,15284.16,54.86634243664453,35612.475999999995
Cabell County,54011,2011,42941,40002,2939,6.8,95870,82.6,15.9,79188.62,15243.33,54.22622594004037,36247.619999999995
Cabell County,54011,2012,43119,40417,2702,6.3,96240,82.5,16.0,79398.0,15398.4,54.3074132849694,36279.0
Cabell County,54011,2013,42547,40118,2429,5.7,96604,82.6,16.1,79794.904,15553.244,53.32044763159311,37247.903999999995
Cabell County,54011,2014,42634,40335,2299,5.4,96826,82.3,16.4,79687.798,15879.463999999998,53.50129012223428,37053.797999999995
Cabell County,54011,2015,41813,39607,2206,5.3,96824,82.3,16.6,79686.152,16072.784000000001,52.47210330848954,37873.152
Cabell County,54011,2016,41289,39291,1998,4.8,96623,82.2,17.0,79424.106,16425.91,51.985476550406496,38135.106
Cabell County,54011,2017,41977,40071,1906,4.5,96100,82.2,17.425598335067637,78994.20000000001,16746.0,53.139344407564096,37017.20000000001
Cabell County,54011,2018,41743,39815,1928,4.6,95318,82.0,17.81405400868671,78160.76,16980.0,53.406594306401324,36417.759999999995
Cabell County,54011,2019,41799,40050,1749,4.2,94339,82.0,18.232120331994192,77357.98,17200.0,54.03321027772442,35558.979999999996
Cabell County,54011,2020,41817,38535,3282,7.8,93328,82.1,18.703925938625066,76622.288,17456.0,54.575504192722626,34805.288
Cabell County,54011,2021,41563,39617,1946,4.7,94622,82.0,18.65739468622519,77590.04,17654.0,53.56744241915587,36027.03999999999
Cabell County,54011,2022,41923,40452,1471,3.5,93965,82.4,19.360400148991648,77427.16,18192.0,54.145082939888276,35504.16
Cabell County,54011,2023,42319,40804,1515,3.6,93300,82.4,19.55734190782422,76879.20000000001,18247.0,55.04609829446716,34560.20000000001
Cabell County,54011,2024,42460,40852,1608,3.8,92739,82.3,20.00237224899988,76324.197,18550.0,55.63111263391346,33864.197
Calhoun County,54013,2010,2902,2505,397,13.7,7588,83.0,17.9,6298.04,1358.252,46.0778273875682,3396.04
Calhoun County,54013,2011,2861,2513,348,12.2,7616,83.4,18.1,6351.744000000001,1378.496,45.042747314753235,3490.7440000000006
Calhoun County,54013,2012,2842,2539,303,10.7,7613,83.3,18.4,6341.629,1400.792,44.814983657984406,3499.629
Calhoun County,54013,2013,2888,2599,289,10.0,7603,83.3,18.9,6333.299,1436.9669999999999,45.600247201340096,3445.299
Calhoun County,54013,2014,2935,2655,280,9.5,7583,83.5,19.3,6331.804999999999,1463.519,46.35329104418093,3396.8049999999994
Calhoun County,54013,2015,2790,2452,338,12.1,7557,83.3,20.1,6294.981,1518.957,44.321023367663855,3504.9809999999998
Calhoun County,54013,2016,2813,2482,331,11.8,7482,83.4,21.1,6239.988,1578.7020000000002,45.08021489784916,3426.9880000000003
Calhoun County,54013,2017,2569,2314,255,9.9,7450,83.2,22.29530201342282,6198.400000000001,1661.0,41.4461796592669,3629.4000000000005
Calhoun County,54013,2018,2583,2342,241,9.3,7396,82.3,22.72850189291509,6086.907999999999,1681.0,42.435338270267934,3503.9079999999994
Calhoun County,54013,2019,2688,2365,323,12.0,7295,81.9,23.522960932145303,5974.6050000000005,1716.0,44.99042196094972,3286.6050000000005
Calhoun County,54013,2020,2601,2210,391,15.0,7185,82.9,24.453723034098818,5956.365000000001,1757.0,43.667572420427554,3355.3650000000007
Calhoun County,54013,2021,2559,2311,248,9.7,6420,82.9,24.517133956386292,5322.18,1574.0,48.081801066480274,2763.1800000000003
Calhoun County,54013,2022,2589,2397,192,7.4,6279,82.5,25.03583373148591,5180.174999999999,1572.0,49.97900650074564,2591.1749999999993
Calhoun County,54013,2023,2625,2457,168,6.4,6158,83.1,26.031178954205913,5117.298,1603.0000000000002,51.296602230317646,2492.298
Calhoun County,54013,2024,2582,2389,193,7.5,6048,83.7,26.40542328042328,5062.176,1597.0,51.005733502746644,2480.1760000000004
Clay County,54015,2010,3640,3138,502,13.8,9572,78.2,15.0,7485.304,1435.8,48.62861949227446,3845.304
Clay County,54015,2011,3566,3143,423,11.9,9508,78.2,15.4,7435.256,1464.232,47.96068891239253,3869.2560000000003
Clay County,54015,2012,3529,3120,409,11.6,9432,78.2,15.9,7375.8240000000005,1499.688,47.845501736483946,3846.8240000000005
Clay County,54015,2013,3490,3075,415,11.9,9352,79.4,16.6,7425.488,1552.432,47.000277961529264,3935.4880000000003
Clay County,54015,2014,3353,2995,358,10.7,9226,79.1,17.3,7297.766,1596.0980000000002,45.94556745173797,3944.7659999999996
Clay County,54015,2015,3307,2948,359,10.9,9141,80.0,18.0,7312.8,1645.3799999999999,45.22207635926047,4005.8
Clay County,54015,2016,2797,2462,335,12.0,9033,79.8,18.6,7208.334,1680.1380000000001,38.80230855007551,4411.334
Clay County,54015,2017,2744,2474,270,9.8,8901,80.2,18.84057971014493,7138.602000000001,1677.0000000000002,38.43889882080553,4394.602000000001
Clay County,54015,2018,2722,2468,254,9.3,8785,80.0,19.556061468412068,7028.0,1718.0,38.730791121229366,4306.0
Clay County,54015,2019,2719,2454,265,9.7,8709,79.9,20.071190722241358,6958.491,1748.0,39.0745637236579,4239.491
Clay County,54015,2020,2694,2312,382,14.2,8599,80.2,20.537271775787882,6896.398,1766.0,39.063870733678655,4202.398
Clay County,54015,2021,2602,2372,230,8.8,8176,80.7,20.792563600782778,6598.032,1699.9999999999998,39.436001522878335,3996.032
Clay County,54015,2022,2595,2425,170,6.6,8049,80.8,21.232451236178406,6503.592,1709.0,39.90102700169383,3908.5919999999996
Clay County,54015,2023,2622,2454,168,6.4,7946,81.1,21.734205889755852,6444.205999999999,1727.0,40.68771234190838,3822.205999999999
Clay County,54015,2024,2628,2436,192,7.3,7835,81.6,22.437779195915763,6393.36,1758.0,41.1051465895867,3765.3599999999997
Doddridge County,54017,2010,3315,3085,230,6.9,8035,82.0,15.7,6588.7,1261.4950000000001,50.31341539302139,3273.7
Doddridge County,54017,2011,3326,3099,227,6.8,8097,82.6,15.8,6688.121999999999,1279.326,49.72995408875616,3362.1219999999994
Doddridge County,54017,2012,3410,3204,206,6.0,8147,81.9,16.0,6672.393000000001,1303.52,51.10610241333207,3262.393000000001
Doddridge County,54017,2013,3530,3343,187,5.3,8213,82.9,16.1,6808.577,1322.2930000000001,51.846369659915716,3278.577
Doddridge County,54017,2014,3677,3497,180,4.9,8282,83.6,16.5,6923.7519999999995,1366.53,53.10704369538366,3246.7519999999995
Doddridge County,54017,2015,3689,3491,198,5.4,8201,84.2,17.2,6905.242000000001,1410.572,53.42318198261552,3216.242000000001
Doddridge County,54017,2016,2864,2675,189,6.6,8363,82.8,17.1,6924.563999999999,1430.073,41.36000475986648,4060.5639999999994
Doddridge County,54017,2017,2915,2757,158,5.4,8570,84.6,19.4049008168028,7250.219999999999,1663.0,40.20567651740223,4335.219999999999
Doddridge County,54017,2018,3009,2865,144,4.8,8536,85.2,20.079662605435804,7272.672,1714.0,41.37406444288977,4263.672
Doddridge County,54017,2019,2996,2829,167,5.6,8560,85.9,20.58411214953271,7353.040000000001,1762.0,40.74505238649592,4357.040000000001
Doddridge County,54017,2020,2925,2698,227,7.8,8499,86.3,21.061301329568185,7334.637,1790.0,39.879274189029395,4409.637
Doddridge County,54017,2021,2857,2705,152,5.3,7929,86.6,21.213267751292722,6866.514,1682.0,41.60772118137383,4009.514
Doddridge County,54017,2022,2771,2664,107,3.9,7847,87.7,20.823244552058114,6881.819,1634.0000000000002,40.265517009383714,4110.819
Doddridge County,54017,2023,2825,2719,106,3.8,7767,86.8,21.11497360628299,6741.756,1640.0,41.90302941844825,3916.7560000000003
Doddridge County,54017,2024,2880,2764,116,4.0,7711,87.5,21.63143561146414,6747.125,1668.0,42.684847249754526,3867.125
Fayette County,54019,2010,17556,15852,1704,9.7,46138,81.7,16.7,37694.746,7705.045999999999,46.574129986178974,20138.746
Fayette County,54019,2011,17727,16206,1521,8.6,46031,81.4,16.8,37469.234000000004,7733.2080000000005,47.31081505429227,19742.234000000004
Fayette County,54019,2012,17593,16129,1464,8.3,46000,81.6,17.1,37536.0,7866.000000000001,46.869671781756175,19943.0
Fayette County,54019,2013,17036,15584,1452,8.5,45889,81.6,17.4,37445.424,7984.686,45.495545730768065,20409.424
Fayette County,54019,2014,16793,15415,1378,8.2,45709,81.8,17.7,37389.962,8090.4929999999995,44.913124009058905,20596.962
Fayette County,54019,2015,16470,15096,1374,8.3,45534,81.7,18.2,37201.278000000006,8287.188,44.272672567861775,20731.278000000006
Fayette County,54019,2016,16253,15006,1247,7.7,45192,81.8,18.8,36967.056,8496.096,43.96617355734252,20714.055999999997
Fayette County,54019,2017,16282,15292,990,6.1,44602,81.6,19.04174700686068,36395.231999999996,8493.0,44.73662923758805,20113.231999999996
Fayette County,54019,2018,16411,15439,972,5.9,44126,81.9,19.655078638444454,36139.194,8673.0,45.41053129187109,19728.194000000003
Fayette County,54019,2019,16449,15554,895,5.4,43576,81.8,20.428676335597576,35645.168,8902.0,46.14650715070273,19196.167999999998
Fayette County,54019,2020,16119,14559,1560,9.7,43087,81.9,21.05043284517372,35288.253000000004,9070.0,45.678090099841434,19169.253000000004
Fayette County,54019,2021,15762,14800,962,6.1,41056,81.9,21.156469212782543,33624.864,8686.000000000002,46.87602602645471,17862.864
Fayette County,54019,2022,15790,15092,698,4.4,40545,82.0,21.896658034282897,33246.9,8878.000000000002,47.49314973726874,17456.9
Fayette County,54019,2023,15959,15294,665,4.2,39987,82.0,22.28724335409008,32789.34,8912.0,48.67130597932133,16830.339999999997
Fayette County,54019,2024,16062,15375,687,4.3,39519,81.9,22.447430349958246,32366.061,8871.0,49.62605736916827,16304.061000000002
Gilmer County,54021,2010,2774,2534,240,8.7,8394,86.5,14.2,7260.8099999999995,1191.9479999999999,38.205103838277,4486.8099999999995
Gilmer County,54021,2011,2815,2596,219,7.8,8522,86.7,14.0,7388.574,1193.0800000000002,38.09936802419519,4573.574
Gilmer County,54021,2012,2775,2567,208,7.5,8623,86.9,14.5,7493.387000000001,1250.3349999999998,37.0326529245053,4718.387000000001
Gilmer County,54021,2013,2760,2578,182,6.6,8678,87.0,14.7,7549.86,1275.666,36.556969268304314,4789.86
Gilmer County,54021,2014,2774,2597,177,6.4,8706,87.3,14.5,7600.338,1262.37,36.49837678271677,4826.338
Gilmer County,54021,2015,2738,2530,208,7.6,8644,87.0,15.6,7520.28,1348.464,36.408218842915424,4782.28
Gilmer County,54021,2016,2944,2739,205,7.0,8497,87.4,15.2,7426.378000000001,1291.5439999999999,39.642474433701054,4482.378000000001
Gilmer County,54021,2017,2760,2592,168,6.1,8305,86.4,15.508729680915112,7175.52,1288.0,38.46411131179343,4415.52
Gilmer County,54021,2018,2724,2583,141,5.2,8205,87.1,16.221815965874466,7146.555,1331.0,38.116267208466176,4422.555
Gilmer County,54021,2019,2702,2549,153,5.7,8041,86.8,16.56510384280562,6979.588,1332.0,38.7128867778442,4277.588
Gilmer County,54021,2020,2596,2371,225,8.7,7970,87.0,17.038895859473023,6933.9,1357.9999999999998,37.43924775378936,4337.9
Gilmer County,54021,2021,2642,2488,154,5.8,7516,86.6,16.644491750931348,6508.856,1251.0,40.590850373706225,3866.8559999999998
Gilmer County,54021,2022,2625,2511,114,4.3,7444,85.7,17.50403009134874,6379.508,1303.0,41.1473737473172,3754.508
Gilmer County,54021,2023,2559,2449,110,4.3,7376,85.3,17.82809110629067,6291.728,1315.0,40.67245119305857,3732.728
Gilmer County,54021,2024,2517,2387,130,5.2,7288,85.7,18.22173435784852,6245.816,1328.0,40.29897774766339,3728.816
Grant County,54023,2010,6120,5537,583,9.5,11942,80.4,17.3,9601.368,2065.9660000000003,63.740916919339,3481.3680000000004
Grant County,54023,2011,6187,5655,532,8.6,11955,80.5,17.9,9623.775000000001,2139.9449999999997,64.28870167891498,3436.7750000000015
Grant County,54023,2012,6178,5654,524,8.5,11929,80.6,18.5,9614.774,2206.865,64.2552804673308,3436.7739999999994
Grant County,54023,2013,6014,5528,486,8.1,11869,81.2,19.2,9637.628,2278.848,62.40124644777739,3623.6280000000006
Grant County,54023,2014,5876,5432,444,7.6,11829,81.1,20.0,9593.319,2365.8,61.250960173429036,3717.3189999999995
Grant County,54023,2015,5833,5404,429,7.4,11815,82.1,21.1,9700.115,2492.965,60.13330769789843,3867.115
Grant County,54023,2016,5589,5240,349,6.2,11770,82.4,22.2,9698.480000000001,2612.94,57.62758700332422,4109.480000000001
Grant County,54023,2017,5426,5098,328,6.0,11673,82.6,22.856163796796025,9641.898,2668.0,56.27522713888905,4215.897999999999
Grant County,54023,2018,5352,5031,321,6.0,11641,83.3,23.623400051541964,9696.953,2750.0,55.19259503474958,4344.9529999999995
Grant County,54023,2019,5373,5053,320,6.0,11616,83.1,23.915289256198346,9652.895999999999,2778.0,55.66205209296775,4279.895999999999
Grant County,54023,2020,5297,4923,374,7.1,11565,83.6,24.36662343277129,9668.34,2818.0,54.78706789376459,4371.34
Grant County,54023,2021,5315,5050,265,5.0,11063,83.1,23.772936816415076,9193.353,2629.9999999999995,57.81350939096976,3878.352999999999
Grant County,54023,2022,5303,5090,213,4.0,11034,83.9,24.270436831611384,9257.526000000002,2678.0,57.28312294234982,3954.5260000000017
Grant County,54023,2023,5486,5267,219,4.0,10972,83.3,24.635435654393,9139.676,2703.0,60.02400960384154,3653.6759999999995
Grant County,54023,2024,5537,5303,234,4.2,10983,83.0,25.239005736137663,9115.89,2771.9999999999995,60.74009230036782,3578.8899999999994
Greenbrier County,54025,2010,15432,14112,1320,8.6,35373,82.4,18.9,29147.352000000003,6685.496999999999,52.94477522349199,13715.352000000003
Greenbrier County,54025,2011,15567,14321,1246,8.0,35498,82.1,19.1,29143.857999999997,6780.118,53.41434205450768,13576.857999999997
Greenbrier County,54025,2012,15508,14320,1188,7.7,35572,82.2,19.4,29240.184,6900.967999999999,53.036601958455535,13732.184000000001
Greenbrier County,54025,2013,15514,14372,1142,7.4,35588,82.2,19.8,29253.336000000003,7046.424,53.03326772714059,13739.336000000003
Greenbrier County,54025,2014,15314,14275,1039,6.8,35639,82.1,20.2,29259.619,7199.0779999999995,52.33834384514713,13945.618999999999
Greenbrier County,54025,2015,15551,14561,990,6.4,35666,82.2,20.7,29317.452,7382.862,53.04349095548958,13766.452000000001
Greenbrier County,54025,2016,15325,14488,837,5.5,35580,82.3,21.5,29282.34,7649.7,52.33529834022828,13957.34
Greenbrier County,54025,2017,15075,14318,757,5.0,35523,82.3,21.87878276046505,29235.429,7772.0,51.56414841731928,14160.429
Greenbrier County,54025,2018,15013,14242,771,5.1,35347,82.4,22.21404928282457,29125.928000000004,7852.0,51.54513875060049,14112.928000000004
Greenbrier County,54025,2019,15120,14392,728,4.8,35155,82.7,22.61698193713554,29073.185,7950.999999999999,52.006685885980495,13953.185000000001
Greenbrier County,54025,2020,14644,13420,1224,8.4,34893,82.6,23.21382512251741,28821.618,8100.0,50.809083653804585,14177.617999999999
Greenbrier County,54025,2021,14706,14008,698,4.7,33307,82.7,22.95913771879785,27544.889000000003,7647.0,53.38921496470724,12838.889000000003
Greenbrier County,54025,2022,14442,13876,566,3.9,32995,83.0,23.594484012729204,27385.85,7785.0,52.73526291862404,12943.849999999999
Greenbrier County,54025,2023,14506,13968,538,3.7,32688,83.0,23.981277533039645,27131.039999999997,7838.999999999999,53.46643549233646,12625.039999999997
Greenbrier County,54025,2024,14403,13851,552,3.8,32386,83.4,24.47353794849626,27009.924000000003,7925.999999999999,53.32484460156199,12606.924000000003
Hampshire County,54027,2010,9760,8896,864,8.9,23594,79.7,15.4,18804.418,3633.476,51.90269648334769,9044.418000000001
Hampshire County,54027,2011,9794,8967,827,8.4,23750,79.6,15.8,18905.0,3752.5,51.806400423168476,9111.0
Hampshire County,54027,2012,9747,9005,742,7.6,23791,79.8,16.3,18985.217999999997,3877.933,51.33994247524575,9238.217999999997
Hampshire County,54027,2013,9602,8937,665,6.9,23746,80.4,16.9,19091.784,4013.0739999999996,50.293885579262785,9489.784
Hampshire County,54027,2014,9521,8931,590,6.2,23674,81.2,17.8,19223.288,4213.972000000001,49.52846776264289,9702.288
Hampshire County,54027,2015,9746,9218,528,5.4,23542,82.0,18.5,19304.44,4355.2699999999995,50.4857949777357,9558.439999999999
Hampshire County,54027,2016,9482,9051,431,4.5,23455,81.9,19.3,19209.645,4526.8150000000005,49.360620667378285,9727.645
Hampshire County,54027,2017,9648,9242,406,4.2,23412,82.6,20.22894242268922,19338.311999999998,4736.0,49.890600586028405,9690.311999999998
Hampshire County,54027,2018,9779,9341,438,4.5,23363,83.6,21.28151350425887,19531.468,4972.0,50.067921161891164,9752.468
Hampshire County,54027,2019,9813,9399,414,4.2,23309,83.3,21.76412544510704,19416.397,5073.0,50.53975771096976,9603.397
Hampshire County,54027,2020,9713,9135,578,6.0,23304,83.6,22.73000343288706,19482.144,5297.0,49.85590908269644,9769.144
Hampshire County,54027,2021,9861,9481,380,3.9,23214,82.6,22.65443266994055,19174.764,5258.999999999999,51.426969322803664,9313.764
Hampshire County,54027,2022,10036,9741,295,2.9,23275,83.6,23.252416756176157,19457.899999999998,5412.0,51.57802229428664,9421.899999999998
Hampshire County,54027,2023,10285,9967,318,3.1,23340,84.2,23.680377035132818,19652.280000000002,5527.0,52.334894475348406,9367.280000000002
Hampshire County,54027,2024,10378,10045,333,3.2,23465,84.3,24.33837630513531,19780.995,5711.0,52.464499384383856,9402.994999999999
Hancock County,54029,2010,14160,12484,1676,11.8,30866,82.4,18.6,25433.584000000003,5741.076000000001,55.67441851687123,11273.584000000003
Hancock County,54029,2011,13880,12466,1414,10.2,30732,82.1,18.8,25230.971999999998,5777.616,55.01175301530199,11350.971999999998
Hancock County,54029,2012,13761,12534,1227,8.9,30594,82.1,19.0,25117.674,5812.86,54.786123906218386,11356.673999999999
Hancock County,54029,2013,13438,12359,1079,8.0,30517,82.1,19.1,25054.457,5828.747,53.63516758714827,11616.456999999999
Hancock County,54029,2014,13281,12236,1045,7.9,30369,82.1,19.3,24932.948999999997,5861.217000000001,53.266863859545865,11651.948999999997
Hancock County,54029,2015,13153,12157,996,7.6,30201,82.4,19.8,24885.624000000003,5979.798000000001,52.853808287065654,11732.624000000003
Hancock County,54029,2016,13502,12597,905,6.7,30024,82.4,20.1,24739.776,6034.8240000000005,54.576080236134715,11237.776000000002
Hancock County,54029,2017,13496,12714,782,5.8,29921,82.5,21.18913137929882,24684.824999999997,6340.0,54.673265862731455,11188.824999999997
Hancock County,54029,2018,13615,12864,751,5.5,29680,82.7,21.880053908355794,24545.36,6494.0,55.46873217585727,10930.36
Hancock County,54029,2019,13688,13009,679,5.0,29383,83.1,22.570874315080147,24417.272999999997,6632.0,56.058676167481934,10729.272999999997
Hancock County,54029,2020,13568,12282,1286,9.5,29118,83.5,23.181537193488563,24313.53,6750.0,55.80431965247333,10745.529999999999
Hancock County,54029,2021,13412,12600,812,6.1,29223,83.5,23.502036067481093,24401.204999999998,6868.0,54.96449867947095,10989.204999999998
Hancock County,54029,2022,13397,12768,629,4.7,28907,83.8,24.302072162452003,24224.066,7025.000000000001,55.304505857934835,10827.065999999999
Hancock County,54029,2023,13357,12628,729,5.5,28658,84.0,24.111940819317468,24072.719999999998,6910.0,55.48604395348761,10715.719999999998
Hancock County,54029,2024,13015,12277,738,5.7,28431,84.0,24.62452956280117,23882.04,7001.0,54.497019517595646,10867.04
Hardy County,54031,2010,5705,5060,645,11.3,13832,76.0,15.9,10512.32,2199.288,54.26965693586192,4807.32
Hardy County,54031,2011,5687,5114,573,10.1,13893,80.8,16.2,11225.544,2250.666,50.661241896161116,5538.544
Hardy County,54031,2012,5572,5003,569,10.2,13912,80.0,16.9,11129.6,2351.1279999999997,50.06469235192639,5557.6
Hardy County,54031,2013,5469,4956,513,9.4,13922,81.6,17.6,11360.351999999999,2450.2720000000004,48.14111393731462,5891.351999999999
Hardy County,54031,2014,5412,4963,449,8.3,13955,81.9,18.2,11429.145,2539.81,47.352623490208586,6017.145
Hardy County,54031,2015,5536,5134,402,7.3,13936,81.9,19.1,11413.584,2661.776,48.50360763104735,5877.584000000001
Hardy County,54031,2016,7398,7069,329,4.4,13942,81.9,19.6,11418.498000000001,2732.632,64.7896071795082,4020.4980000000014
Hardy County,54031,2017,7586,7291,295,3.9,13812,82.0,20.004344048653344,11325.84,2763.0,66.97957943958241,3739.84
Hardy County,54031,2018,7468,7150,318,4.3,13842,81.4,21.275827192602225,11267.388,2945.0,66.27978019395444,3799.388000000001
Hardy County,54031,2019,7438,7134,304,4.1,13805,81.5,21.868888084027528,11251.074999999999,3019.0,66.10923845054806,3813.074999999999
Hardy County,54031,2020,7297,6883,414,5.7,13789,81.6,22.12633258394372,11251.823999999999,3051.0,64.85170759869689,3954.8239999999987
Hardy County,54031,2021,7196,6910,286,4.0,14269,81.3,22.59443548952274,11600.697,3224.0,62.030755565807816,4404.697
Hardy County,54031,2022,7331,7096,235,3.2,14249,82.1,23.01915923924486,11698.429,3280.0,62.66653411325572,4367.429
Hardy County,54031,2023,7468,7209,259,3.5,14236,84.2,23.250913177858948,11986.712000000001,3310.0,62.30232277208294,4518.712000000001
Hardy County,54031,2024,7578,7303,275,3.6,14243,83.0,23.19033911395071,11821.689999999999,3302.9999999999995,64.1025098780293,4243.689999999999
Harrison County,54033,2010,31253,28936,2317,7.4,68490,80.4,16.4,55065.96000000001,11232.359999999999,56.75557095526891,23812.960000000006
Harrison County,54033,2011,31400,29252,2148,6.8,68745,80.7,16.5,55477.215000000004,11342.925000000001,56.59981309443886,24077.215000000004
Harrison County,54033,2012,31468,29496,1972,6.3,68959,80.7,16.6,55649.913,11447.194000000001,56.54635974004128,24181.913
Harrison County,54033,2013,31889,30135,1754,5.5,69078,80.8,16.8,55815.024,11605.104000000001,57.13336251544029,23926.023999999998
Harrison County,54033,2014,32180,30483,1697,5.3,69069,81.1,17.2,56014.958999999995,11879.867999999999,57.44893966627737,23834.958999999995
Harrison County,54033,2015,32245,30271,1974,6.1,68998,80.9,17.4,55819.382000000005,12005.652,57.76667323188923,23574.382000000005
Harrison County,54033,2016,30562,28686,1876,6.1,68775,81.0,17.7,55707.75000000001,12173.175,54.86130744824552,25145.750000000007
Harrison County,54033,2017,30898,29300,1598,5.2,68438,81.0,18.1361232064058,55434.780000000006,12412.0,55.737571250395504,24536.780000000006
Harrison County,54033,2018,31849,30340,1509,4.7,68209,80.9,18.60604905511003,55181.081000000006,12691.0,57.717245517535254,23332.081000000006
Harrison County,54033,2019,31863,30334,1529,4.8,67908,80.9,18.959474583259706,54937.572,12875.0,57.99855880052361,23074.572
Harrison County,54033,2020,31036,28404,2632,8.5,67620,80.8,19.433599526767228,54636.96,13141.0,56.80403887771208,23600.96
Harrison County,54033,2021,30651,29076,1575,5.1,66222,80.7,19.322883633837698,53441.154,12796.0,57.3546746389496,22790.154000000002
Harrison County,54033,2022,31141,29952,1189,3.8,65862,80.8,19.8430050712095,53216.496,13069.0,58.51756943937083,22075.496
Harrison County,54033,2023,31380,30292,1088,3.5,65407,80.9,20.003975109697738,52914.263000000006,13084.0,59.303481180490024,21534.263000000006
Harrison County,54033,2024,31255,30074,1181,3.8,64984,81.3,20.34654684229964,52831.992,13222.0,59.15923064191864,21576.992
Jackson County,54035,2010,12300,10935,1365,11.1,29084,80.5,17.3,23412.620000000003,5031.532,52.53576917064387,11112.620000000003
Jackson County,54035,2011,12007,10823,1184,9.9,29161,80.4,17.6,23445.444000000003,5132.336,51.2125084941876,11438.444000000003
Jackson County,54035,2012,12027,11040,987,8.2,29206,79.8,17.8,23306.388,5198.668000000001,51.60387787245283,11279.387999999999
Jackson County,54035,2013,12062,11243,819,6.8,29229,79.9,18.1,23353.971,5290.4490000000005,51.648603999722354,11291.971000000001
Jackson County,54035,2014,11970,11188,782,6.5,29229,80.1,18.3,23412.428999999996,5348.907,51.126690015803156,11442.428999999996
Jackson County,54035,2015,12056,11212,844,7.0,29256,80.7,18.8,23609.592,5500.128,51.063991279476575,11553.592
Jackson County,54035,2016,10286,9513,773,7.5,29199,81.1,19.1,23680.389,5577.009,43.43678644806046,13394.389
Jackson County,54035,2017,10248,9568,680,6.6,29123,81.1,19.012464375236068,23618.752999999997,5537.0,43.389250905837415,13370.752999999997
Jackson County,54035,2018,13276,12645,631,4.8,29018,81.2,19.532703838996486,23562.616,5668.000000000001,56.34348919491791,10286.616000000002
Jackson County,54035,2019,11128,10463,665,6.0,28907,81.4,19.939806967170583,23530.298000000003,5764.0,47.292218738581205,12402.298000000003
Jackson County,54035,2020,10542,9480,1062,10.1,28793,81.1,20.19240787691453,23351.123,5814.000000000001,45.14558036459317,12809.123
Jackson County,54035,2021,9946,9270,676,6.8,28011,81.3,20.342008496662025,22772.943,5698.0,43.674636168017464,12826.943
Jackson County,54035,2022,10080,9583,497,4.9,27868,80.9,20.622219032582173,22545.212000000003,5747.0,44.71015841412358,12465.212000000003
Jackson County,54035,2023,10263,9771,492,4.8,27753,81.2,20.974309083702664,22535.436,5821.0,45.541608336310865,12272.436000000002
Jackson County,54035,2024,10006,9481,525,5.2,27705,81.2,21.248872044757263,22496.460000000003,5887.0,44.47810900026048,12490.460000000003
Jefferson County,54037,2010,26874,25133,1741,6.5,52033,79.0,11.4,41106.07,5931.762000000001,65.37720584818739,14232.07
Jefferson County,54037,2011,27244,25618,1626,6.0,52874,78.9,11.6,41717.586,6133.384,65.30579214243126,14473.586000000003
Jefferson County,54037,2012,27572,26141,1431,5.2,53545,79.0,11.8,42300.55,6318.31,65.18118558742142,14728.550000000003
Jefferson County,54037,2013,27501,26197,1304,4.7,54131,79.0,12.3,42763.490000000005,6658.113,64.30953133151667,15262.490000000005
Jefferson County,54037,2014,27222,25978,1244,4.6,54650,79.2,12.9,43282.8,7049.85,62.893343314203335,16060.800000000003
Jefferson County,54037,2015,28118,26997,1121,4.0,55214,79.3,13.4,43784.702,7398.676,64.21877668597585,15666.701999999997
Jefferson County,54037,2016,27924,26968,956,3.4,55531,79.6,13.9,44202.676,7718.809000000001,63.172645927590445,16278.676
Jefferson County,54037,2017,28729,27816,913,3.2,55673,79.9,14.631868230560595,44482.727,8146.000000000001,64.58461955356289,15753.726999999999
Jefferson County,54037,2018,29480,28496,984,3.3,56179,80.3,15.0892682319016,45111.736999999994,8477.0,65.34884701956834,15631.736999999994
Jefferson County,54037,2019,29957,29004,953,3.2,56506,80.3,15.539942660956358,45374.318,8781.0,66.0219289687175,15417.318
Jefferson County,54037,2020,29460,27714,1746,5.9,56922,80.6,16.23273953831559,45879.132,9240.0,64.2122000041326,16419.131999999998
Jefferson County,54037,2021,30029,29072,957,3.2,57542,80.8,16.181224149317018,46493.935999999994,9310.999999999998,64.58691731325996,16464.935999999994
Jefferson County,54037,2022,30721,29952,769,2.5,58043,81.2,16.665230949468498,47130.916000000005,9673.0,65.18226804673178,16409.916000000005
Jefferson County,54037,2023,31567,30721,846,2.7,58546,81.3,16.962730160899124,47597.897999999994,9931.0,66.32015556653364,16030.897999999994
Jefferson County,54037,2024,31787,30917,870,2.7,59260,81.9,17.316908538643265,48533.94,10261.999999999998,65.49437362802195,16746.940000000002
Kanawha County,54039,2010,92604,85956,6648,7.2,192770,81.9,16.7,157878.63,32192.589999999997,58.65518341526019,65274.630000000005
Kanawha County,54039,2011,91721,85479,6242,6.8,192644,81.8,16.8,157582.792,32364.192000000003,58.20495933337696,65861.79199999999
Kanawha County,54039,2012,91512,85710,5802,6.3,192572,81.8,16.9,157523.89599999998,32544.667999999998,58.09404307775628,66011.89599999998
Kanawha County,54039,2013,89702,84459,5243,5.8,192311,81.7,17.1,157118.087,32885.181000000004,57.092090231470294,67416.087
Kanawha County,54039,2014,89714,84536,5178,5.8,191765,81.6,17.3,156480.24,33175.345,57.332478528918415,66766.23999999999
Kanawha County,54039,2015,87300,82219,5081,5.8,190781,81.7,17.7,155868.07700000002,33768.237,56.0089029647809,68568.07700000002
Kanawha County,54039,2016,82544,77872,4672,5.7,189636,81.8,18.2,155122.248,34513.752,53.21222523799424,72578.24799999999
Kanawha County,54039,2017,82554,78301,4253,5.2,187827,82.0,18.770996715062267,154018.13999999998,35257.00000000001,53.600179822974106,71464.13999999998
Kanawha County,54039,2018,82240,78023,4217,5.1,185710,82.2,19.388832049970382,152653.62000000002,36007.0,53.873599591021815,70413.62000000002
Kanawha County,54039,2019,81520,77700,3820,4.7,183279,82.3,19.974465159674594,150838.617,36609.0,54.04451566935277,69318.617
Kanawha County,54039,2020,80962,73771,7191,8.9,181014,82.4,20.528246433977483,149155.53600000002,37159.0,54.280251455098515,68193.53600000002
Kanawha County,54039,2021,79817,75566,4251,5.3,181953,82.3,20.660829994559034,149747.319,37593.0,53.301121204046396,69930.31899999999
Kanawha County,54039,2022,79751,76780,2971,3.7,179895,82.5,21.304094054865338,148413.375,38325.0,53.735722942760376,68662.375
Kanawha County,54039,2023,81129,78210,2919,3.6,178198,82.5,21.65736989191798,147013.35,38593.0,55.184784238982374,65884.35
Kanawha County,54039,2024,80811,77708,3103,3.8,176537,82.7,22.12227465063981,145996.09900000002,39054.0,55.35147894602307,65185.09900000002
Lewis County,54041,2010,6988,6390,598,8.6,16406,82.1,17.7,13469.326,2903.8619999999996,51.880843926414734,6481.325999999999
Lewis County,54041,2011,7174,6661,513,7.2,16400,82.4,17.9,13513.6,2935.6,53.08726024153445,6339.6
Lewis County,54041,2012,7394,6894,500,6.8,16389,81.9,17.9,13422.591,2933.631,55.086234840948364,6028.591
Lewis County,54041,2013,7383,6915,468,6.3,16411,81.5,18.3,13374.964999999998,3003.2129999999997,55.20014444897614,5991.964999999998
Lewis County,54041,2014,7261,6810,451,6.2,16412,81.3,18.4,13342.955999999998,3019.808,54.41822636603164,6081.955999999998
Lewis County,54041,2015,7060,6495,565,8.0,16434,80.8,18.8,13278.671999999999,3089.592,53.16796739914956,6218.671999999999
Lewis County,54041,2016,7164,6576,588,8.2,16422,81.2,19.5,13334.664,3202.29,53.724638281099544,6170.664000000001
Lewis County,54041,2017,6791,6348,443,6.5,16371,81.0,19.516217702034087,13260.51,3195.0,51.212208278565456,6469.51
Lewis County,54041,2018,6978,6599,379,5.4,16276,80.7,19.636274268862127,13134.732,3196.0,53.126321876989955,6156.732
Lewis County,54041,2019,7020,6585,435,6.2,16166,81.2,20.221452431028084,13126.792000000001,3269.0,53.478412699767006,6106.792000000001
Lewis County,54041,2020,6407,5727,680,10.6,16024,81.2,20.537943085371943,13011.488000000001,3291.0,49.24110140208406,6604.488000000001
Lewis County,54041,2021,6298,5863,435,6.9,16966,81.5,20.3524696451727,13827.289999999999,3453.0,45.54760911212537,7529.289999999999
Lewis County,54041,2022,6416,6109,307,4.8,16920,81.4,20.85697399527187,13772.880000000001,3529.0,46.584301903450836,7356.880000000001
Lewis County,54041,2023,6471,6174,297,4.6,16808,81.3,20.841266063779155,13664.903999999999,3503.0000000000005,47.35488811337424,7193.903999999999
Lewis County,54041,2024,6513,6199,314,4.8,16740,80.7,21.0752688172043,13509.18,3528.0,48.21166051529404,6996.18
Lincoln County,54043,2010,7867,6963,904,11.5,21879,79.9,14.8,17481.321,3238.0920000000006,45.0023199047715,9614.321
Lincoln County,54043,2011,7671,6885,786,10.2,21777,80.2,15.0,17465.154000000002,3266.5499999999997,43.9217426883267,9794.154000000002
Lincoln County,54043,2012,7708,6943,765,9.9,21714,80.3,15.2,17436.341999999997,3300.528,44.20651992258469,9728.341999999997
Lincoln County,54043,2013,7569,6850,719,9.5,21660,80.0,15.5,17328.0,3357.3,43.680747922437675,9759.0
Lincoln County,54043,2014,7606,6890,716,9.4,21599,79.9,15.9,17257.601000000002,3434.241,44.07333325182335,9651.601000000002
Lincoln County,54043,2015,7440,6735,705,9.5,21560,79.7,16.5,17183.32,3557.4,43.29780275290223,9743.32
Lincoln County,54043,2016,7910,7288,622,7.9,21482,79.3,17.1,17035.226,3673.4220000000005,46.43319671837639,9125.225999999999
Lincoln County,54043,2017,7519,7025,494,6.6,21241,79.8,17.414434348665317,16950.318,3699.0,44.359049783018826,9431.318
Lincoln County,54043,2018,7279,6792,487,6.7,21078,79.7,18.042508776923807,16799.166,3803.0,43.329531954145814,9520.166000000001
Lincoln County,54043,2019,7266,6807,459,6.3,20850,79.9,18.657074340527576,16659.15,3890.0,43.61567066747102,9393.150000000001
Lincoln County,54043,2020,7288,6577,711,9.8,20617,80.1,19.20745016248727,16514.216999999997,3960.0000000000005,44.13167151673011,9226.216999999997
Lincoln County,54043,2021,7129,6664,465,6.5,20625,80.3,19.321212121212124,16561.875,3985.000000000001,43.044643194082795,9432.875
Lincoln County,54043,2022,7132,6780,352,4.9,20410,80.3,19.951004409603136,16389.23,4072.0000000000005,43.516382404786555,9257.23
Lincoln County,54043,2023,7209,6872,337,4.7,20170,80.7,20.520575111551807,16277.19,4138.999999999999,44.28897125363776,9068.19
Lincoln County,54043,2024,7269,6913,356,4.9,19902,81.0,21.00291427997186,16120.62,4180.0,45.09131782772623,8851.62
Logan County,54045,2010,12682,11429,1253,9.9,36564,81.8,14.9,29909.352,5448.036,42.40145356542663,17227.352
Logan County,54045,2011,12914,11808,1106,8.6,36564,81.8,15.0,29909.352,5484.599999999999,43.177130684743695,16995.352
Logan County,54045,2012,12913,11701,1212,9.4,36508,81.7,15.3,29827.036000000004,5585.724,43.29293732035593,16914.036000000004
Logan County,54045,2013,12416,11208,1208,9.7,36442,81.8,15.5,29809.555999999997,5648.51,41.65107323302635,17393.555999999997
Logan County,54045,2014,12024,10780,1244,10.3,36169,81.5,15.9,29477.734999999997,5750.871,40.79010819521921,17453.734999999997
Logan County,54045,2015,11624,10355,1269,10.9,35760,81.3,16.3,29072.879999999997,5828.88,39.98227901742105,17448.879999999997
Logan County,54045,2016,11182,10040,1142,10.2,35166,81.5,17.1,28660.289999999997,6013.386,39.01565545917365,17478.289999999997
Logan County,54045,2017,10729,9919,810,7.5,34428,81.6,17.587428836993148,28093.248,6055.0,38.19067129582169,17364.248
Logan County,54045,2018,10802,10066,736,6.8,33801,81.8,18.478743232448743,27649.217999999997,6246.0,39.06801270111871,16847.217999999997
Logan County,54045,2019,11218,10552,666,5.9,33154,82.3,19.39434155757978,27285.742,6430.0,41.11304724643369,16067.741999999998
Logan County,54045,2020,11119,9791,1328,11.9,32593,82.1,20.139293713374038,26758.853,6564.0,41.55260317024799,15639.853
Logan County,54045,2021,10934,10212,722,6.6,32786,81.9,20.816812053925457,26851.734,6825.0,40.71990285618053,15917.734
Logan County,54045,2022,11086,10617,469,4.2,32350,82.2,21.579598145285935,26591.7,6981.0,41.68970016960179,15505.7
Logan County,54045,2023,11275,10820,455,4.0,31826,81.6,22.035442719788854,25970.016,7013.0,43.415452651242106,14695.016
Logan County,54045,2024,11638,11121,517,4.4,31418,81.6,22.426634413393597,25637.088,7046.000000000001,45.395171245657856,13999.088
Marion County,54049,2010,26643,24758,1885,7.1,56356,82.4,16.8,46437.344000000005,9467.808,57.37408237645977,19794.344000000005
Marion County,54049,2011,26756,24994,1762,6.6,56416,82.4,16.8,46486.78400000001,9477.888,57.556143268590056,19730.784000000007
Marion County,54049,2012,26886,25221,1665,6.2,56460,82.1,17.0,46353.659999999996,9598.2,58.0018924072015,19467.659999999996
Marion County,54049,2013,26838,25259,1579,5.9,56666,82.3,17.2,46636.117999999995,9746.552,57.54767152789175,19798.117999999995
Marion County,54049,2014,26745,25174,1571,5.9,56698,82.2,17.4,46605.756,9865.452,57.38561563082466,19860.756
Marion County,54049,2015,26339,24586,1753,6.7,56790,82.0,17.7,46567.799999999996,10051.83,56.56054183362753,20228.799999999996
Marion County,54049,2016,27070,25393,1677,6.2,56716,82.2,18.1,46620.552,10265.596000000001,58.064520557371345,19550.552000000003
Marion County,54049,2017,26428,25085,1343,5.1,56575,82.2,18.455148033583736,46504.65,10440.999999999998,56.82872572957758,20076.65
Marion County,54049,2018,26371,24946,1425,5.4,56497,82.2,18.857638458679222,46440.53400000001,10654.0,56.78444610477562,20069.534000000007
Marion County,54049,2019,26552,25247,1305,4.9,56355,82.1,19.11099281341496,46267.454999999994,10770.0,57.388071161467614,19715.454999999994
Marion County,54049,2020,25577,23435,2142,8.4,56233,82.1,19.62370849856846,46167.293,11035.000000000002,55.400692433927205,20590.292999999998
Marion County,54049,2021,25441,24125,1316,5.2,56256,81.8,19.11618316268487,46017.407999999996,10754.0,55.28559974520947,20576.407999999996
Marion County,54049,2022,25891,24804,1087,4.2,56194,82.2,19.70495070648112,46191.468,11073.0,56.051476865814266,20300.468
Marion County,54049,2023,25967,24965,1002,3.9,56042,82.2,19.797651761179118,46066.524000000005,11095.000000000002,56.36848137272089,20099.524000000005
Marion County,54049,2024,25973,24942,1031,4.0,55909,82.2,20.09694324706219,45957.198000000004,11235.999999999998,56.51563004341561,19984.198000000004
Marshall County,54051,2010,14671,13290,1381,9.4,33369,81.4,17.4,27162.366,5806.205999999999,54.01223148233847,12491.366000000002
Marshall County,54051,2011,14332,13104,1228,8.6,33163,81.6,17.4,27061.007999999998,5770.361999999999,52.96181132646648,12729.007999999998
Marshall County,54051,2012,14343,13232,1111,7.7,32993,81.9,17.7,27021.267000000003,5839.7609999999995,53.08041255060319,12678.267000000003
Marshall County,54051,2013,14346,13311,1035,7.2,32840,81.9,18.1,26895.960000000003,5944.040000000001,53.33886576273908,12549.960000000003
Marshall County,54051,2014,14411,13330,1081,7.5,32716,81.9,18.3,26794.404000000002,5987.028,53.783618400319696,12383.404000000002
Marshall County,54051,2015,14217,13047,1170,8.2,32480,81.9,18.7,26601.120000000003,6073.76,53.445118100290514,12384.120000000003
Marshall County,54051,2016,14300,13180,1120,7.8,32296,81.8,19.3,26418.127999999997,6233.128000000001,54.129497744881846,12118.127999999997
Marshall County,54051,2017,14392,13557,835,5.8,32006,81.6,20.096231956508152,26116.895999999997,6431.999999999999,55.10608917690679,11724.895999999997
Marshall County,54051,2018,14642,13831,811,5.5,31645,82.1,20.790014220255966,25980.545,6579.0,56.35755523989201,11338.544999999998
Marshall County,54051,2019,14431,13530,901,6.2,31308,82.7,21.42263958093778,25891.716,6707.0,55.73597362183334,11460.716
Marshall County,54051,2020,13614,12298,1316,9.7,30900,82.7,22.284789644012946,25554.300000000003,6886.0,53.27479132670431,11940.300000000003
Marshall County,54051,2021,13350,12525,825,6.2,30813,82.8,22.273066562814396,25513.163999999997,6862.999999999999,52.325928685285774,12163.163999999997
Marshall County,54051,2022,13134,12492,642,4.9,30509,83.7,22.84899537841293,25536.033000000003,6971.0,51.43320420990997,12402.033000000003
Marshall County,54051,2023,13256,12615,641,4.8,30129,83.3,23.210196156526937,25097.457,6993.000000000001,52.818100256133526,11841.456999999999
Marshall County,54051,2024,13120,12492,628,4.8,29865,83.6,23.756906077348066,24967.14,7095.0,52.54907049826292,11847.14
Mason County,54053,2010,11268,10002,1266,11.2,27016,80.9,16.6,21855.944000000003,4484.656,51.55576899355159,10587.944000000003
Mason County,54053,2011,11035,9882,1153,10.4,27152,81.2,16.8,22047.424000000003,4561.536,50.051198725075544,11012.424000000003
Mason County,54053,2012,10908,9872,1036,9.5,27242,81.1,17.1,22093.262,4658.3820000000005,49.37251909654627,11185.261999999999
Mason County,54053,2013,10595,9613,982,9.3,27271,80.9,17.4,22062.239,4745.1539999999995,48.02323100570164,11467.239000000001
Mason County,54053,2014,10239,9294,945,9.2,27207,81.3,17.8,22119.290999999997,4842.8460000000005,46.2899104677451,11880.290999999997
Mason County,54053,2015,10082,9249,833,8.3,27177,81.3,18.5,22094.900999999998,5027.745,45.63043753850719,12012.900999999998
Mason County,54053,2016,10916,10207,709,6.5,27060,81.8,18.9,22135.079999999998,5114.339999999999,49.315385352119804,11219.079999999998
Mason County,54053,2017,10684,10018,666,6.2,27000,81.7,19.440740740740743,22059.0,5249.000000000001,48.433745863366426,11375.0
Mason County,54053,2018,10580,9906,674,6.4,26939,81.9,19.93021270277293,22063.041,5369.0,47.95349834141177,11483.041000000001
Mason County,54053,2019,10848,10246,602,5.5,26820,81.5,20.391498881431765,21858.3,5469.0,49.62874514486488,11010.3
Mason County,54053,2020,10738,9889,849,7.9,26700,82.0,20.89513108614232,21894.0,5579.0,49.04540056636522,11156.0
Mason County,54053,2021,10814,10258,556,5.1,25667,81.8,21.07764834222932,20995.606,5410.0,51.506015115734215,10181.606
Mason County,54053,2022,10680,10248,432,4.0,25488,81.9,21.657250470809792,20874.672000000002,5520.0,51.16248054101161,10194.672000000002
Mason County,54053,2023,10738,10293,445,4.1,25214,82.1,22.174188942650908,20700.694,5591.0,51.87265702299643,9962.694
Mason County,54053,2024,11214,10739,475,4.2,25043,82.2,22.752865072076027,20585.346,5697.999999999999,54.47564495636848,9371.346000000001
Mcdowell County,54047,2010,6351,5533,818,12.9,22555,82.3,16.3,18562.765,3676.465,34.21365297680599,12211.765
Mcdowell County,54047,2011,6663,5897,766,11.5,22262,82.1,16.4,18277.102,3650.9679999999994,36.45545119789779,11614.101999999999
Mcdowell County,54047,2012,6597,5829,768,11.6,21966,82.3,16.6,18078.018,3646.356,36.491832235148784,11481.018
Mcdowell County,54047,2013,6210,5428,782,12.6,21651,82.2,16.8,17797.122000000003,3637.3680000000004,34.89328218349011,11587.122000000003
Mcdowell County,54047,2014,5833,5082,751,12.9,21281,81.8,17.1,17407.858,3639.0510000000004,33.5078560498368,11574.858
Mcdowell County,54047,2015,5400,4730,670,12.4,20802,82.3,17.6,17120.046,3661.1520000000005,31.54197132414247,11720.045999999998
Mcdowell County,54047,2016,4793,4169,624,13.0,20273,83.0,18.3,16826.59,3709.959,28.484678119571466,12033.59
Mcdowell County,54047,2017,4323,3898,425,9.8,19707,81.8,19.089663571319836,16120.326,3762.0000000000005,26.817075535569195,11797.326
Mcdowell County,54047,2018,4125,3707,418,10.1,19217,81.6,19.888640266430766,15681.071999999998,3822.0,26.305599515135192,11556.071999999998
Mcdowell County,54047,2019,4070,3657,413,10.1,18661,82.1,20.765232302663307,15320.680999999999,3874.9999999999995,26.565398757405106,11250.680999999999
Mcdowell County,54047,2020,4025,3477,548,13.6,18083,82.1,21.528507437925125,14846.143,3893.0000000000005,27.111418770518377,10821.143
Mcdowell County,54047,2021,3778,3428,350,9.3,19334,82.5,21.90958932450605,15950.55,4236.0,23.685703627774593,12172.55
Mcdowell County,54047,2022,3632,3380,252,6.9,18911,81.8,23.13468351752948,15469.197999999999,4375.0,23.478915972243684,11837.197999999999
Mcdowell County,54047,2023,3595,3346,249,6.9,18413,83.7,21.63688698202357,15411.681000000002,3983.9999999999995,23.326462570825335,11816.681000000002
Mcdowell County,54047,2024,3591,3303,288,8.0,17943,84.2,21.852533021233906,15108.006000000001,3920.9999999999995,23.76885473834204,11517.006000000001
Mercer County,54055,2010,24067,22083,1984,8.2,61844,81.6,17.8,50464.704,11008.232000000002,47.69075827731002,26397.703999999998
Mercer County,54055,2011,23729,21775,1954,8.2,62077,81.6,17.9,50654.831999999995,11111.783,46.84449451929878,26925.831999999995
Mercer County,54055,2012,23457,21571,1886,8.0,62251,81.4,18.0,50672.314000000006,11205.18,46.29155084569455,27215.314000000006
Mercer County,54055,2013,23198,21445,1753,7.6,62261,81.4,18.2,50680.454000000005,11331.502,45.7730706200856,27482.454000000005
Mercer County,54055,2014,22477,20794,1683,7.5,62161,81.4,18.5,50599.054000000004,11499.785,44.42177911073199,28122.054000000004
Mercer County,54055,2015,22235,20668,1567,7.0,61891,81.3,18.9,50317.382999999994,11697.398999999998,44.1895000779353,28082.382999999994
Mercer County,54055,2016,24608,23148,1460,5.9,61476,81.8,19.5,50287.367999999995,11987.82,48.934754350237625,25679.367999999995
Mercer County,54055,2017,23848,22590,1258,5.3,60963,81.7,20.181093450125488,49806.771,12303.0,47.88104010998826,25958.771
Mercer County,54055,2018,23593,22282,1311,5.6,60486,81.9,20.804814337201996,49538.03400000001,12584.0,47.626032151376855,25945.034000000007
Mercer County,54055,2019,23267,22064,1203,5.2,59919,82.0,21.318780353477194,49133.579999999994,12774.000000000002,47.35457908827324,25866.579999999994
Mercer County,54055,2020,22830,20911,1919,8.4,59370,82.0,22.06501600134748,48683.399999999994,13100.0,46.89483478968191,25853.399999999994
Mercer County,54055,2021,22491,21248,1243,5.5,59892,81.6,21.849328791825286,48871.871999999996,13086.000000000002,46.020336605890606,26380.871999999996
Mercer County,54055,2022,22617,21710,907,4.0,59530,81.6,22.321518562069546,48576.479999999996,13288.0,46.55956956947066,25959.479999999996
Mercer County,54055,2023,23077,22180,897,3.9,59062,81.3,22.588127730181842,48017.405999999995,13341.0,48.05965570068488,24940.405999999995
Mercer County,54055,2024,23210,22249,961,4.1,58563,81.1,22.869388521762886,47494.59299999999,13393.0,48.868720698375085,24284.592999999993
Mineral County,54057,2010,12359,11233,1126,9.1,27796,81.4,16.8,22625.944000000003,4669.728,54.62313528222291,10266.944000000003
Mineral County,54057,2011,12184,11147,1037,8.5,27970,81.3,17.2,22739.609999999997,4810.839999999999,53.580514353588306,10555.609999999997
Mineral County,54057,2012,12108,11123,985,8.1,28049,81.7,17.5,22916.033000000003,4908.575,52.83637006457443,10808.033000000003
Mineral County,54057,2013,11933,11007,926,7.8,28015,81.7,17.9,22888.255,5014.6849999999995,52.13590988041683,10955.255000000001
Mineral County,54057,2014,11925,10995,930,7.8,27912,81.8,18.4,22832.016,5135.808,52.22929065922168,10907.016
Mineral County,54057,2015,11763,10925,838,7.1,27755,82.2,19.0,22814.61,5273.45,51.55906675590772,11051.61
Mineral County,54057,2016,12306,11599,707,5.7,27606,82.4,19.6,22747.344,5410.776,54.09862355798549,10441.344000000001
Mineral County,54057,2017,12346,11701,645,5.2,27421,82.3,19.999270631997373,22567.483,5484.0,54.70703135125879,10221.483
Mineral County,54057,2018,12486,11819,667,5.3,27278,82.5,20.602683481193637,22504.35,5620.0,55.48260669603877,10018.349999999999
Mineral County,54057,2019,12661,11939,722,5.7,27167,82.9,21.275812566716972,22521.443000000003,5780.0,56.217534551405066,9860.443000000003
Mineral County,54057,2020,12298,11396,902,7.3,27047,82.9,21.725145117757975,22421.963000000003,5875.999999999999,54.848007732418424,10123.963000000003
Mineral County,54057,2021,12347,11774,573,4.6,27045,82.9,21.819190238491405,22420.305,5901.0,55.070615676280944,10073.305
Mineral County,54057,2022,12703,12238,465,3.7,26957,83.1,22.172348555106282,22401.267,5977.000000000001,56.706613960719274,9698.267
Mineral County,54057,2023,12548,12056,492,3.9,26922,82.7,22.520615110318698,22264.494000000002,6063.0,56.358792613926,9716.494000000002
Mineral County,54057,2024,12634,12114,520,4.1,26854,82.8,22.60743278468757,22235.111999999997,6071.0,56.820042102778714,9601.111999999997
Mingo County,54059,2010,9162,8284,878,9.6,26956,80.7,13.3,21753.492000000002,3585.148,42.117375913715364,12591.492000000002
Mingo County,54059,2011,9200,8442,758,8.2,26859,80.8,13.5,21702.072,3625.965,42.392265586438015,12502.072
Mingo County,54059,2012,8994,8153,841,9.4,26660,80.6,13.8,21487.96,3679.0800000000004,41.85599749813384,12493.96
Mingo County,54059,2013,8505,7563,942,11.1,26460,80.4,14.0,21273.84,3704.4000000000005,39.97867803837953,12768.84
Mingo County,54059,2014,7793,6875,918,11.8,26229,80.3,14.6,21061.887,3829.4339999999997,37.00048338498825,13268.886999999999
Mingo County,54059,2015,7304,6368,936,12.8,25931,80.4,15.1,20848.524,3915.5809999999997,35.033655140287145,13544.524000000001
Mingo County,54059,2016,7420,6568,852,11.5,25549,80.1,15.8,20464.749,4036.742,36.257468879779566,13044.749
Mingo County,54059,2017,7393,6804,589,8.0,25150,80.2,16.62027833001988,20170.300000000003,4179.999999999999,36.6529005518014,12777.300000000003
Mingo County,54059,2018,7553,7037,516,6.8,24741,80.5,17.404308637484338,19916.505,4306.0,37.923320381763766,12363.505000000001
Mingo County,54059,2019,7507,7035,472,6.3,24290,80.6,18.14738575545492,19577.739999999998,4408.0,38.34456888282305,12070.739999999998
Mingo County,54059,2020,7214,6258,956,13.3,23808,80.6,18.930611559139784,19189.248,4507.0,37.593969289468774,11975.248
Mingo County,54059,2021,6557,6006,551,8.4,23821,80.9,20.158683514545988,19271.189000000002,4802.0,34.0248855428692,12714.189000000002
Mingo County,54059,2022,6951,6601,350,5.0,23466,81.2,20.744907525781983,19054.392,4868.0,36.47977852035373,12103.392
Mingo County,54059,2023,7089,6757,332,4.7,22979,80.8,21.37168719265416,18567.032,4910.999999999999,38.18057727266264,11478.032
Mingo County,54059,2024,6920,6518,402,5.8,22542,80.6,21.865850412563216,18168.852,4929.0,38.08716147833666,11248.851999999999
Monongalia County,54061,2010,48378,45754,2624,5.4,92715,86.0,10.3,79734.9,9549.645,60.67355699950711,31356.899999999994
Monongalia County,54061,2011,48609,46021,2588,5.3,94489,86.1,10.2,81355.029,9637.877999999999,59.7492258284365,32746.028999999995
Monongalia County,54061,2012,49819,47335,2484,5.0,96417,86.0,10.2,82918.62,9834.534,60.081800686022035,33099.619999999995
Monongalia County,54061,2013,50203,47956,2247,4.5,98483,86.0,10.2,84695.38,10045.266,59.274779804990544,34492.380000000005
Monongalia County,54061,2014,50914,48703,2211,4.3,100332,86.0,10.3,86285.52,10334.196000000002,59.0064242528758,35371.520000000004
Monongalia County,54061,2015,51116,48780,2336,4.6,101668,85.8,10.6,87231.144,10776.807999999999,58.598337309436175,36115.144
Monongalia County,54061,2016,52933,50657,2276,4.3,102827,85.6,10.9,88019.912,11208.143,60.13752888096503,35086.912
Monongalia County,54061,2017,54520,52498,2022,3.7,103715,85.5,11.329123077664754,88676.325,11750.0,61.482024655397026,34156.325
Monongalia County,54061,2018,55484,53284,2200,4.0,105252,85.5,11.665336525671721,89990.45999999999,12278.0,61.65542436387147,34506.45999999999
Monongalia County,54061,2019,55817,53768,2049,3.7,105474,85.4,12.16129093425868,90074.79600000002,12827.0,61.967389856758594,34257.79600000002
Monongalia County,54061,2020,54835,51405,3430,6.3,106196,85.6,12.741534521074241,90903.776,13531.0,60.322026666967055,36068.776
Monongalia County,54061,2021,55639,53370,2269,4.1,105695,85.4,12.614598609205732,90263.53000000001,13332.999999999998,61.640620525255315,34624.53000000001
Monongalia County,54061,2022,56368,54427,1941,3.4,105988,85.9,12.93825716118806,91043.69200000001,13713.000000000002,61.913130675763895,34675.69200000001
Monongalia County,54061,2023,56891,55113,1778,3.1,106520,85.4,13.148704468644388,90968.08000000002,14006.000000000002,62.53951935667983,34077.080000000016
Monongalia County,54061,2024,56755,54925,1830,3.2,107163,85.6,13.409479017944626,91731.52799999999,14369.999999999998,61.870767049688745,34976.52799999999
Monroe County,54063,2010,5764,5315,449,7.8,13495,81.7,18.8,11025.415,2537.06,52.27921125871452,5261.415000000001
Monroe County,54063,2011,5782,5342,440,7.6,13526,81.9,18.9,11077.794000000002,2556.4139999999998,52.194507317973226,5295.794000000002
Monroe County,54063,2012,5742,5343,399,6.9,13528,82.3,19.5,11133.544,2637.96,51.57387441052014,5391.544
Monroe County,54063,2013,5696,5342,354,6.2,13512,82.7,20.3,11174.424,2742.936,50.973544587175134,5478.424000000001
Monroe County,54063,2014,5630,5306,324,5.8,13524,82.3,21.6,11130.251999999999,2921.184,50.58286191543553,5500.251999999999
Monroe County,54063,2015,5821,5506,315,5.4,13525,82.4,22.6,11144.6,3056.65,52.231574035855935,5323.6
Monroe County,54063,2016,5213,4946,267,5.1,13496,82.6,23.5,11147.696,3171.56,46.76302618944758,5934.696
Monroe County,54063,2017,5017,4763,254,5.1,13517,82.4,24.495080269290522,11138.008000000002,3311.0,45.04396118228681,6121.008000000002
Monroe County,54063,2018,4925,4658,267,5.4,13467,82.2,24.23702383604366,11069.874000000002,3264.0,44.49011795436876,6144.874000000002
Monroe County,54063,2019,5010,4757,253,5.0,13401,82.6,24.751884187747184,11069.225999999999,3317.0,45.26061713800044,6059.225999999999
Monroe County,54063,2020,5005,4591,414,8.3,13344,82.3,24.730215827338128,10982.112,3300.0,45.5741117919759,5977.111999999999
Monroe County,54063,2021,4964,4743,221,4.5,12492,81.9,24.31956452129363,10230.948,3038.0,48.519452938280985,5266.948
Monroe County,54063,2022,5064,4864,200,3.9,12438,82.4,24.553786782440906,10248.912,3054.0,49.41012275254193,5184.912
Monroe County,54063,2023,5013,4843,170,3.4,12401,82.2,24.860898314652044,10193.622000000001,3083.0,49.177809418477544,5180.622000000001
Monroe County,54063,2024,5091,4887,204,4.0,12386,81.6,25.108994025512676,10106.975999999999,3110.0,50.37114959014448,5015.975999999999
Morgan County,54065,2010,7673,6991,682,8.9,17409,81.0,17.5,14101.29,3046.575,54.41346146345476,6428.290000000001
Morgan County,54065,2011,7587,6984,603,7.9,17513,81.5,18.0,14273.095,3152.3399999999997,53.155955313125844,6686.094999999999
Morgan County,54065,2012,7600,7066,534,7.0,17507,81.5,18.4,14268.205,3221.288,53.265284596065165,6668.205
Morgan County,54065,2013,7465,7007,458,6.1,17502,82.9,18.7,14509.158000000001,3272.874,51.45026334402038,7044.158000000001
Morgan County,54065,2014,7489,7052,437,5.8,17450,83.0,19.3,14483.5,3367.85,51.70711499292299,6994.5
Morgan County,54065,2015,7568,7165,403,5.3,17475,82.9,19.9,14486.775000000001,3477.5249999999996,52.24075061564771,6918.7750000000015
Morgan County,54065,2016,8358,8028,330,3.9,17514,82.9,20.7,14519.106000000002,3625.3979999999997,57.56552779489314,6161.106000000002
Morgan County,54065,2017,8470,8168,302,3.6,17510,83.4,21.284980011422043,14603.340000000002,3726.9999999999995,58.0004300386076,6133.340000000002
Morgan County,54065,2018,8535,8206,329,3.9,17624,83.8,21.913300045392646,14768.912,3861.9999999999995,57.79030980752001,6233.912
Morgan County,54065,2019,8483,8173,310,3.7,17709,83.8,22.773730871308373,14840.142,4033.0,57.16252580332453,6357.142
Morgan County,54065,2020,8113,7627,486,6.0,17800,84.5,23.337078651685395,15041.0,4154.0,53.939232763778996,6928.0
Morgan County,54065,2021,8270,7977,293,3.5,17144,84.6,23.185954269715353,14503.823999999999,3975.0,57.01944535454926,6233.823999999999
Morgan County,54065,2022,8314,8082,232,2.8,17237,84.9,24.122527121888957,14634.213000000002,4157.999999999999,56.81207455433373,6320.213000000002
Morgan County,54065,2023,8319,8061,258,3.1,17327,84.8,24.759046574709988,14693.296,4289.999999999999,56.617657467732215,6374.296
Morgan County,54065,2024,8423,8150,273,3.2,17426,85.8,25.169287271892575,14951.508,4386.0,56.33545459093491,6528.508
Nicholas County,54067,2010,10934,9864,1070,9.8,26189,81.6,16.8,21370.224,4399.752,51.16464853152686,10436.223999999998
Nicholas County,54067,2011,10948,9991,957,8.7,26208,81.7,17.0,21411.936,4455.360000000001,51.130360187887725,10463.936000000002
Nicholas County,54067,2012,10840,9873,967,8.9,26201,82.4,17.2,21589.624000000003,4506.571999999999,50.20930424726247,10749.624000000003
Nicholas County,54067,2013,10404,9417,987,9.5,26168,82.4,17.6,21562.432,4605.568,48.25058694677855,11158.432
Nicholas County,54067,2014,10169,9259,910,8.9,26090,82.4,18.0,21498.160000000003,4696.2,47.301722566024246,11329.160000000003
Nicholas County,54067,2015,10050,9166,884,8.8,25930,81.5,18.6,21132.949999999997,4822.9800000000005,47.55606765737865,11082.949999999997
Nicholas County,54067,2016,10356,9508,848,8.2,25743,81.9,19.4,21083.517,4994.142,49.118939691134074,10727.517
Nicholas County,54067,2017,9961,9294,667,6.7,25496,81.8,20.56008785691873,20855.728,5241.999999999999,47.76145910610265,10894.728
Nicholas County,54067,2018,10044,9451,593,5.9,25324,81.8,21.17359027009951,20715.032,5362.0,48.48652900946521,10671.032
Nicholas County,54067,2019,10121,9519,602,5.9,25078,81.7,21.772071138049288,20488.726000000002,5460.0,49.3978981416414,10367.726000000002
Nicholas County,54067,2020,9876,8912,964,9.8,24857,82.1,22.66967051534779,20407.596999999998,5635.0,48.393742781180954,10531.596999999998
Nicholas County,54067,2021,9567,9025,542,5.7,24770,82.8,23.27008477997578,20509.559999999998,5764.0,46.646539467448356,10942.559999999998
Nicholas County,54067,2022,9635,9220,415,4.3,24624,82.7,22.758284600389864,20364.048000000003,5604.0,47.31377572867634,10729.048000000003
Nicholas County,54067,2023,9612,9194,418,4.3,24446,82.4,23.558046306144153,20143.504,5759.0,47.71761655767536,10531.504
Nicholas County,54067,2024,9615,9140,475,4.9,24277,82.6,23.927997693289946,20052.802,5809.0,47.94841139906533,10437.802
Ohio County,54069,2010,21824,20138,1686,7.7,44582,83.0,18.4,37003.06,8203.088,58.97890606884945,15179.059999999998
Ohio County,54069,2011,21333,19837,1496,7.0,44452,83.1,18.4,36939.612,8179.168,57.75101265275878,15606.612000000001
Ohio County,54069,2012,21398,20088,1310,6.1,44307,83.1,18.5,36819.117,8196.795,58.11654853102534,15421.116999999998
Ohio County,54069,2013,21403,20201,1202,5.6,44156,83.2,18.5,36737.792,8168.86,58.25880880375173,15334.792000000001
Ohio County,54069,2014,21231,20070,1161,5.5,43956,83.0,18.7,36483.479999999996,8219.772,58.19346180791965,15252.479999999996
Ohio County,54069,2015,20921,19782,1139,5.4,43637,83.0,19.1,36218.71,8334.667,57.762962844342056,15297.71
Ohio County,54069,2016,19279,18129,1150,6.0,43257,83.1,19.4,35946.566999999995,8391.857999999998,53.63238164022729,16667.566999999995
Ohio County,54069,2017,19677,18685,992,5.0,42906,83.2,20.195310679159093,35697.792,8665.0,55.12105622667083,16020.792000000001
Ohio County,54069,2018,20206,19232,974,4.8,42547,83.3,20.74411826920817,35441.651,8826.0,57.01201673703068,15235.650999999998
Ohio County,54069,2019,19892,18926,966,4.9,42143,83.1,21.173148565598083,35020.833,8923.0,56.80047644783321,15128.832999999999
Ohio County,54069,2020,18984,17297,1687,8.9,41875,83.4,21.76955223880597,34923.75,9116.000000000002,54.358423708794156,15939.75
Ohio County,54069,2021,18663,17615,1048,5.6,42443,83.1,21.702047451876634,35270.133,9211.0,52.91445881420407,16607.133
Ohio County,54069,2022,18488,17699,789,4.3,42224,83.0,22.33800682076544,35045.92,9432.0,52.753644361454924,16557.92
Ohio County,54069,2023,18623,17863,760,4.1,41904,82.8,22.339156166475753,34696.511999999995,9361.0,53.67398313697931,16073.511999999995
Ohio County,54069,2024,18453,17708,745,4.0,41582,83.0,22.78149199172719,34513.06,9473.0,53.466716657404476,16060.059999999998
Pendleton County,54071,2010,3658,3351,307,8.4,7773,83.3,20.9,6474.909,1624.557,56.49500247802711,2816.9089999999997
Pendleton County,54071,2011,3650,3398,252,6.9,7725,83.7,21.7,6465.825000000001,1676.325,56.45064628257027,2815.8250000000007
Pendleton County,54071,2012,3643,3405,238,6.5,7666,83.9,22.3,6431.774,1709.518,56.64067176489721,2788.7740000000003
Pendleton County,54071,2013,3592,3398,194,5.4,7603,83.3,22.5,6333.299,1710.675,56.716096934630755,2741.299
Pendleton County,54071,2014,3522,3353,169,4.8,7525,83.7,23.1,6298.425,1738.275,55.918741590159435,2776.425
Pendleton County,54071,2015,3620,3457,163,4.5,7402,84.3,24.0,6239.8859999999995,1776.48,58.01388038178903,2619.8859999999995
Pendleton County,54071,2016,3330,3194,136,4.1,7291,84.4,24.8,6153.604,1808.168,54.114629410667305,2823.6040000000003
Pendleton County,54071,2017,3203,3075,128,4.0,7138,84.5,25.119080975063042,6031.61,1792.9999999999998,53.1035660462132,2828.6099999999997
Pendleton County,54071,2018,3190,3066,124,3.9,7056,84.5,25.765306122448976,5962.32,1817.9999999999998,53.502663392773286,2772.3199999999997
Pendleton County,54071,2019,3289,3153,136,4.1,7001,84.3,26.45336380517069,5901.843,1851.9999999999998,55.72835468513818,2612.843
Pendleton County,54071,2020,3222,3051,171,5.3,6968,85.2,28.07118254879449,5936.736,1956.0,54.272246567811,2714.736
Pendleton County,54071,2021,3279,3172,107,3.3,6249,83.8,27.44439110257641,5236.661999999999,1714.9999999999998,62.61622384641209,1957.6619999999994
Pendleton County,54071,2022,3354,3263,91,2.7,6156,84.0,28.297595841455493,5171.04,1742.0,64.86122714192891,1817.04
Pendleton County,54071,2023,3148,3058,90,2.9,6111,83.6,29.127802323678615,5108.795999999999,1780.0000000000002,61.619215173203244,1960.7959999999994
Pendleton County,54071,2024,3044,2942,102,3.4,6043,83.9,29.819626013569415,5070.077,1801.9999999999998,60.03853590389257,2026.0770000000002
Pleasants County,54073,2010,2936,2633,303,10.3,7664,81.4,15.6,6238.496,1195.584,47.062625350725554,3302.496
Pleasants County,54073,2011,2916,2643,273,9.4,7653,81.5,15.9,6237.195,1216.827,46.75178505722525,3321.1949999999997
Pleasants County,54073,2012,2881,2639,242,8.4,7630,82.1,16.4,6264.23,1251.32,45.99128703767263,3383.2299999999996
Pleasants County,54073,2013,2902,2693,209,7.2,7602,82.8,16.9,6294.456,1284.7379999999998,46.10406363949482,3392.456
Pleasants County,54073,2014,3009,2799,210,7.0,7600,83.0,17.4,6308.0,1322.3999999999999,47.70133164235891,3299.0
Pleasants County,54073,2015,3021,2771,250,8.3,7636,83.6,18.0,6383.696,1374.48,47.323682080099054,3362.696
Pleasants County,54073,2016,3616,3375,241,6.7,7612,83.8,18.5,6378.856,1408.22,56.68728060329313,2762.8559999999998
Pleasants County,54073,2017,3459,3259,200,5.8,7527,83.5,17.92214693769098,6285.045,1348.9999999999998,55.03540547442382,2826.045
Pleasants County,54073,2018,3481,3307,174,5.0,7507,83.8,18.34287997868656,6290.866,1377.0,55.33419405213845,2809.866
Pleasants County,54073,2019,3502,3303,199,5.7,7482,84.0,18.618016573108793,6284.88,1392.9999999999998,55.7210320642558,2782.88
Pleasants County,54073,2020,3238,2942,296,9.1,7457,83.7,18.66702427249564,6241.509000000001,1392.0,51.8784800278266,3003.509000000001
Pleasants County,54073,2021,3226,3036,190,5.9,7623,83.3,18.496654860291223,6349.959,1410.0,50.80347762875319,3123.959
Pleasants County,54073,2022,3243,3102,141,4.3,7622,83.7,18.433482025715037,6379.6140000000005,1405.0,50.833796527501505,3136.6140000000005
Pleasants County,54073,2023,3240,3099,141,4.4,7572,84.0,18.528790279978868,6360.48,1403.0,50.93955173194477,3120.4799999999996
Pleasants County,54073,2024,3217,3059,158,4.9,7521,83.3,19.000132961042414,6264.9929999999995,1429.0,51.34882034185833,3047.9929999999995
Pocahontas County,54075,2010,3796,3371,425,11.2,8808,82.7,18.7,7284.216,1647.096,52.112677603190235,3488.2160000000003
Pocahontas County,54075,2011,3678,3287,391,10.6,8780,83.5,19.5,7331.299999999999,1712.1000000000001,50.16845579910794,3653.2999999999993
Pocahontas County,54075,2012,3624,3270,354,9.8,8750,83.7,19.7,7323.750000000001,1723.7499999999998,49.482846902201736,3699.750000000001
Pocahontas County,54075,2013,3607,3301,306,8.5,8723,83.9,20.2,7318.597000000001,1762.0459999999998,49.285402652994826,3711.5970000000007
Pocahontas County,54075,2014,3577,3273,304,8.5,8710,84.6,20.8,7368.66,1811.68,48.54342580604886,3791.66
Pocahontas County,54075,2015,3634,3346,288,7.9,8697,84.5,21.5,7348.965,1869.855,49.44914011700967,3714.965
Pocahontas County,54075,2016,3395,3149,246,7.2,8620,84.4,22.3,7275.280000000001,1922.26,46.66487063040872,3880.2800000000007
Pocahontas County,54075,2017,3374,3153,221,6.6,8574,84.6,23.233030090972708,7253.603999999999,1992.0,46.5148083628497,3879.6039999999994
Pocahontas County,54075,2018,3432,3205,227,6.6,8531,84.5,23.994842339702263,7208.695,2047.0,47.60917197911689,3776.6949999999997
Pocahontas County,54075,2019,3484,3268,216,6.2,8450,84.6,24.840236686390533,7148.7,2099.0,48.73613384251682,3664.7
Pocahontas County,54075,2020,3400,3057,343,10.1,8382,84.8,25.638272488666193,7107.936,2149.0,47.83385781751552,3707.9359999999997
Pocahontas County,54075,2021,3431,3238,193,5.6,8006,84.7,25.74319260554584,6781.081999999999,2061.0,50.596645196150114,3350.0819999999994
Pocahontas County,54075,2022,3484,3330,154,4.4,7940,84.3,26.3727959697733,6693.42,2094.0,52.05111886001475,3209.42
Pocahontas County,54075,2023,3304,3145,159,4.8,7855,85.0,26.721833227243796,6676.75,2099.0,49.485153705021155,3372.75
Pocahontas County,54075,2024,3253,3092,161,4.9,7784,84.6,27.081192189105856,6585.264,2108.0,49.398171432458895,3332.264
Preston County,54077,2010,14934,13717,1217,8.1,32976,82.5,15.3,27205.199999999997,5045.3279999999995,54.89391733933219,12271.199999999997
Preston County,54077,2011,14640,13570,1070,7.3,33281,82.6,15.6,27490.106,5191.836,53.255524005618604,12850.106
Preston County,54077,2012,14804,13800,1004,6.8,33471,82.9,15.8,27747.459000000003,5288.418,53.352633118585736,12943.459000000003
Preston County,54077,2013,14680,13731,949,6.5,33666,82.6,16.1,27808.115999999998,5420.226000000001,52.790343653629755,13128.115999999998
Preston County,54077,2014,14642,13777,865,5.9,33720,82.8,16.5,27920.16,5563.8,52.44239288027003,13278.16
Preston County,54077,2015,14819,13922,897,6.1,33809,82.6,16.9,27926.233999999997,5713.721,53.06479921352805,13107.233999999997
Preston County,54077,2016,13852,13000,852,6.2,33793,82.6,17.4,27913.018,5879.982,49.62559046821809,14061.018
Preston County,54077,2017,14266,13514,752,5.3,33760,82.8,18.213862559241704,27953.28,6148.999999999999,51.03515580282528,13687.279999999999
Preston County,54077,2018,14454,13665,789,5.5,33837,82.8,18.754617726157758,28017.036,6346.0,51.59003971726346,13563.036
Preston County,54077,2019,14490,13778,712,4.9,33683,82.7,19.472731051272156,27855.841000000004,6559.0,52.017815581299445,13365.841000000004
Preston County,54077,2020,14220,13116,1104,7.8,33610,83.4,20.026777744718835,28030.74,6731.0,50.730019970931906,13810.740000000002
Preston County,54077,2021,14332,13618,714,5.0,34266,83.4,20.162843635090177,28577.844,6909.0,50.15073915303058,14245.844000000001
Preston County,54077,2022,14431,13809,622,4.3,34206,83.9,19.88832368590306,28698.834000000003,6803.000000000001,50.28427287324635,14267.834000000003
Preston County,54077,2023,14320,13724,596,4.2,34204,84.0,19.980119284294233,28731.36,6833.999999999999,49.841009962633166,14411.36
Preston County,54077,2024,14294,13703,591,4.1,34160,84.2,20.45081967213115,28762.72,6986.0,49.696273509598534,14468.720000000001
Putnam County,54079,2010,26391,24444,1947,7.4,54940,78.9,14.0,43347.66,7691.6,60.882179107245925,16956.660000000003
Putnam County,54079,2011,26304,24457,1847,7.0,55305,78.7,14.2,43525.035,7853.3099999999995,60.4341846020342,17221.035000000003
Putnam County,54079,2012,26425,24795,1630,6.2,55660,78.8,14.5,43860.079999999994,8070.7,60.24840811963864,17435.079999999994
Putnam County,54079,2013,26048,24584,1464,5.6,56033,79.2,15.0,44378.136,8404.949999999999,58.695570269107286,18330.136
Putnam County,54079,2014,26208,24780,1428,5.4,56356,79.6,15.5,44859.376,8735.18,58.42256923056621,18651.375999999997
Putnam County,54079,2015,25856,24451,1405,5.4,56596,79.5,16.0,44993.82,9055.36,57.465669729754,19137.82
Putnam County,54079,2016,25223,23963,1260,5.0,56743,79.9,16.6,45337.657,9419.338,55.63366452748099,20114.657
Putnam County,54079,2017,25979,24739,1240,4.8,56644,80.2,16.72904455900007,45428.488000000005,9476.0,57.18658300932225,19449.488000000005
Putnam County,54079,2018,26252,24967,1285,4.9,56652,80.4,17.277412977476523,45548.208000000006,9788.0,57.635637388851826,19296.208000000006
Putnam County,54079,2019,26460,25281,1179,4.5,56610,80.4,17.885532591414943,45514.44,10125.0,58.13539615119948,19054.440000000002
Putnam County,54079,2020,26316,24351,1965,7.5,56604,80.4,18.35382658469366,45509.616,10389.0,57.825141833761016,19193.616
Putnam County,54079,2021,26359,25216,1143,4.3,57385,80.3,18.677354709418836,46080.155,10718.0,57.20249855930389,19721.155
Putnam County,54079,2022,26761,25874,887,3.3,57347,80.9,19.132648612830664,46393.723000000005,10972.0,57.68237224678001,19632.723000000005
Putnam County,54079,2023,27067,26188,879,3.2,57250,80.9,19.280349344978166,46315.25,11038.0,58.440794338797694,19248.25
Putnam County,54079,2024,27139,26213,926,3.4,57177,81.6,19.68448851811043,46656.43199999999,11255.000000000002,58.16775702008247,19517.431999999993
Raleigh County,54081,2010,32465,29891,2574,7.9,78513,81.5,16.1,63988.094999999994,12640.593,50.73600018878513,31523.094999999994
Raleigh County,54081,2011,33036,30758,2278,6.9,78701,81.4,15.9,64062.614,12513.459,51.568298477486415,31026.614
Raleigh County,54081,2012,32896,30599,2297,7.0,78852,81.3,16.2,64106.67599999999,12774.024000000001,51.31446840263564,31210.675999999992
Raleigh County,54081,2013,31896,29598,2298,7.2,78993,81.2,16.5,64142.316000000006,13033.845000000001,49.7269228632156,32246.316000000006
Raleigh County,54081,2014,31574,29349,2225,7.0,78827,81.3,16.9,64086.350999999995,13321.762999999999,49.26790105431343,32512.350999999995
Raleigh County,54081,2015,30711,28509,2202,7.2,78493,81.2,17.5,63736.316000000006,13736.275,48.184460488742396,33025.316000000006
Raleigh County,54081,2016,29459,27359,2100,7.1,78051,81.0,18.1,63221.310000000005,14127.231000000002,46.59663015524353,33762.310000000005
Raleigh County,54081,2017,29572,27976,1596,5.4,77097,81.1,18.755593602863925,62525.666999999994,14460.000000000002,47.29577694868893,32953.666999999994
Raleigh County,54081,2018,30016,28470,1546,5.2,76232,81.6,19.55478014482107,62205.312,14906.999999999998,48.253113817675256,32189.311999999998
Raleigh County,54081,2019,30476,29030,1446,4.7,75252,81.5,20.035347897730293,61330.38,15077.0,49.691523189649246,30854.379999999997
Raleigh County,54081,2020,29930,27259,2671,8.9,74452,81.5,20.696556170418525,60678.38,15409.0,49.32564119213466,30748.379999999997
Raleigh County,54081,2021,29325,27740,1585,5.4,74929,81.1,20.682245859413577,60767.418999999994,15496.999999999998,48.257767867350104,31442.418999999994
Raleigh County,54081,2022,29470,28376,1094,3.7,74303,81.2,21.406941846224246,60334.03600000001,15906.0,48.84473500164981,30864.036000000007
Raleigh County,54081,2023,29962,28854,1108,3.7,73666,81.2,21.73594331170418,59816.792,16012.0,50.089613632238915,29854.792
Raleigh County,54081,2024,30160,29000,1160,3.8,73195,81.4,22.143589042967417,59580.73,16208.0,50.62039353999187,29420.730000000003
Randolph County,54083,2010,12198,10951,1247,10.2,29233,82.5,17.0,24117.225,4969.610000000001,50.5779582850017,11919.224999999999
Randolph County,54083,2011,12074,10946,1128,9.3,29316,82.3,17.7,24127.068,5188.932,50.043378664991536,12053.068
Randolph County,54083,2012,12089,11075,1014,8.4,29361,82.4,18.0,24193.464000000004,5284.98,49.96804095519351,12104.464000000004
Randolph County,54083,2013,11958,11106,852,7.1,29399,82.5,18.4,24254.175,5409.416,49.30285198321526,12296.175
Randolph County,54083,2014,11944,11096,848,7.1,29446,82.4,18.7,24263.504,5506.402,49.22619585365741,12319.504
Randolph County,54083,2015,12043,11223,820,6.8,29365,82.7,19.2,24284.855000000003,5638.08,49.590578160750795,12241.855000000003
Randolph County,54083,2016,11425,10697,728,6.4,29287,82.7,19.8,24220.349000000002,5798.826,47.171079161576074,12795.349000000002
Randolph County,54083,2017,11165,10511,654,5.9,29152,82.8,20.231888035126236,24137.856,5898.0,46.255143787418405,12972.856
Randolph County,54083,2018,11083,10434,649,5.9,29065,82.8,20.750043007053158,24065.82,6031.0,46.05286667979732,12982.82
Randolph County,54083,2019,11227,10495,732,6.5,28930,82.9,21.130314552367786,23982.97,6113.0,46.812383954114104,12755.970000000001
Randolph County,54083,2020,11009,9908,1101,10.0,28763,82.7,22.035253624448075,23787.001,6338.0,46.281580431261595,12778.001
Randolph County,54083,2021,10634,9967,667,6.3,28150,83.2,22.11367673179396,23420.800000000003,6224.999999999999,45.404085257548836,12786.800000000003
Randolph County,54083,2022,10555,10015,540,5.1,28005,83.8,22.424567041599712,23468.19,6279.999999999999,44.975773589697376,12913.189999999999
Randolph County,54083,2023,10572,10027,545,5.2,27782,83.7,22.417392556331436,23253.534000000003,6228.0,45.46405720524028,12681.534000000003
Randolph County,54083,2024,10412,9847,565,5.4,27576,83.7,22.813315926892948,23081.112,6290.999999999999,45.110478212661505,12669.112000000001
Ritchie County,54085,2010,4293,3887,406,9.5,10514,81.5,17.0,8568.91,1787.38,50.0997209680111,4275.91
Ritchie County,54085,2011,4309,3933,376,8.7,10457,81.9,17.4,8564.283000000001,1819.5179999999998,50.31361060815014,4255.283000000001
Ritchie County,54085,2012,4389,4078,311,7.1,10391,82.1,17.9,8531.010999999999,1859.989,51.447595132628486,4142.010999999999
Ritchie County,54085,2013,4570,4293,277,6.1,10303,81.9,18.4,8438.157000000001,1895.752,54.158745801956506,3868.157000000001
Ritchie County,54085,2014,4647,4364,283,6.1,10221,81.9,19.1,8370.999,1952.211,55.51308750604319,3723.999
Ritchie County,54085,2015,4549,4240,309,6.8,10140,82.0,19.6,8314.8,1987.44,54.70967431567807,3765.7999999999993
Ritchie County,54085,2016,3916,3625,291,7.4,10044,81.8,20.1,8215.992,2018.844,47.66314280734451,4299.992
Ritchie County,54085,2017,3709,3474,235,6.3,10005,82.2,21.089455272363818,8224.11,2110.0,45.099104948742166,4515.110000000001
Ritchie County,54085,2018,3610,3392,218,6.0,9932,82.3,21.757954087797017,8174.035999999999,2161.0,44.164229274253266,4564.035999999999
Ritchie County,54085,2019,3601,3360,241,6.7,9844,82.7,22.887037789516455,8140.988,2252.9999999999995,44.23296042200283,4539.988
Ritchie County,54085,2020,3530,3179,351,9.9,9747,82.0,23.2789576279881,7992.54,2269.0,44.166184967482174,4462.54
Ritchie County,54085,2021,3434,3201,233,6.8,8676,81.8,22.7293683725219,7096.968,1972.0,48.38686041701188,3662.968
Ritchie County,54085,2022,3414,3250,164,4.8,8507,82.4,22.68719877747737,7009.768000000001,1929.9999999999998,48.70346636293811,3595.768000000001
Ritchie County,54085,2023,3244,3086,158,4.9,8372,83.0,23.327759197324415,6948.759999999999,1953.0,46.684588329428564,3704.7599999999993
Ritchie County,54085,2024,3242,3062,180,5.6,8286,82.5,22.990586531498913,6835.95,1905.0,47.42574185007204,3593.95
Roane County,54087,2010,5502,4770,732,13.3,15116,80.9,16.4,12228.844000000001,2479.024,44.99198779541222,6726.844000000001
Roane County,54087,2011,5401,4730,671,12.4,15004,81.1,16.8,12168.243999999999,2520.672,44.386026447201424,6767.243999999999
Roane County,54087,2012,5325,4742,583,10.9,14884,81.0,17.3,12056.04,2574.9320000000002,44.168732021459775,6731.040000000001
Roane County,54087,2013,5373,4822,551,10.3,14807,81.0,17.7,11993.67,2620.839,44.79863127799915,6620.67
Roane County,54087,2014,5343,4818,525,9.8,14749,81.1,18.5,11961.438999999998,2728.565,44.66853862649804,6618.4389999999985
Roane County,54087,2015,5279,4689,590,11.2,14636,80.9,19.0,11840.524000000001,2780.84,44.58417549763845,6561.524000000001
Roane County,54087,2016,5311,4773,538,10.1,14513,80.5,19.5,11682.965,2830.0350000000003,45.459350430306,6371.965
Roane County,54087,2017,5132,4689,443,8.6,14348,80.7,19.960970170058545,11578.836000000001,2864.0,44.32224448122419,6446.836000000001
Roane County,54087,2018,5072,4686,386,7.6,14205,80.3,20.584301302358323,11406.615,2924.0,44.46542642142301,6334.615
Roane County,54087,2019,5189,4694,495,9.5,14020,80.9,21.276747503566334,11342.18,2983.0,45.749582531753155,6153.18
Roane County,54087,2020,5131,4507,624,12.2,13831,81.4,21.704865880991974,11258.434000000001,3002.0,45.57472202617166,6127.434000000001
Roane County,54087,2021,4999,4577,422,8.4,14129,82.2,21.926534078844927,11614.038,3098.0,43.04273845151875,6615.0380000000005
Roane County,54087,2022,5111,4795,316,6.2,14027,82.5,22.470948884294575,11572.275,3152.0,44.165905148296254,6461.275
Roane County,54087,2023,5029,4730,299,5.9,13921,82.5,22.994037784641908,11484.824999999999,3201.0,43.78821618962414,6455.824999999999
Roane County,54087,2024,5006,4680,326,6.5,13786,83.0,23.59640214710576,11442.38,3253.0,43.749639498076455,6436.379999999999
Summers County,54089,2010,4781,4340,441,9.2,13847,84.9,19.2,11756.103000000001,2658.6240000000003,40.66823844602246,6975.103000000001
Summers County,54089,2011,4691,4274,417,8.9,13847,83.4,19.1,11548.398000000001,2644.777,40.62035271039325,6857.398000000001
Summers County,54089,2012,4640,4246,394,8.5,13813,84.5,19.4,11671.984999999999,2679.7219999999998,39.75330674259777,7031.984999999999
Summers County,54089,2013,4563,4220,343,7.5,13795,85.0,20.1,11725.75,2772.795,38.914355158518646,7162.75
Summers County,54089,2014,4533,4216,317,7.0,13699,84.8,20.8,11616.752,2849.3920000000003,39.02123416252667,7083.752
Summers County,54089,2015,4575,4262,313,6.8,13544,85.0,20.6,11512.4,2790.0640000000003,39.7397588686981,6937.4
Summers County,54089,2016,4481,4204,277,6.2,13325,85.4,21.3,11379.550000000001,2838.225,39.37765553119411,6898.550000000001
Summers County,54089,2017,4245,3990,255,6.0,13210,85.4,22.482967448902347,11281.340000000002,2970.0,37.62850867006933,7036.340000000002
Summers County,54089,2018,4092,3842,250,6.1,13018,85.1,23.183284682746965,11078.318,3018.0,36.93701516782602,6986.317999999999
Summers County,54089,2019,4157,3923,234,5.6,12848,85.5,24.245018679950185,10985.039999999999,3114.9999999999995,37.842374720529016,6828.039999999999
Summers County,54089,2020,4129,3799,330,8.0,12710,85.6,25.60188827694729,10879.76,3254.0000000000005,37.95120480598836,6750.76
Summers County,54089,2021,4226,4019,207,4.9,12125,85.3,25.36082474226804,10342.625,3075.0,40.86003311538415,6116.625
Summers County,54089,2022,4381,4218,163,3.7,11985,85.8,26.341259908218607,10283.13,3157.0,42.60375975019279,5902.129999999999
Summers County,54089,2023,4171,4008,163,3.9,11833,85.7,26.781036085523535,10140.881,3169.0,41.13054871662531,5969.880999999999
Summers County,54089,2024,4023,3850,173,4.3,11729,85.7,27.129337539432175,10051.753,3181.9999999999995,40.02286964273794,6028.753000000001
Taylor County,54091,2010,7446,6888,558,7.5,16732,81.0,16.3,13552.92,2727.3160000000003,54.940190010713565,6106.92
Taylor County,54091,2011,7432,6903,529,7.1,16817,81.4,16.5,13689.038,2774.8050000000003,54.29161640138628,6257.0380000000005
Taylor County,54091,2012,7576,7078,498,6.6,16889,81.6,16.6,13781.423999999999,2803.574,54.972548555214615,6205.423999999999
Taylor County,54091,2013,7785,7350,435,5.6,16906,81.8,17.0,13829.107999999998,2874.02,56.29430329128965,6044.107999999998
Taylor County,54091,2014,7835,7426,409,5.2,16969,81.6,17.0,13846.704,2884.73,56.58386284562737,6011.704
Taylor County,54091,2015,7836,7380,456,5.8,16977,81.7,17.6,13870.209,2987.952,56.49518330978286,6034.209000000001
Taylor County,54091,2016,7462,7022,440,5.9,16949,81.7,18.1,13847.333,3067.7690000000002,53.887633091512996,6385.3330000000005
Taylor County,54091,2017,7371,6988,383,5.2,16977,82.0,18.519172998763032,13921.14,3144.0000000000005,52.94824992780763,6550.139999999999
Taylor County,54091,2018,7392,7020,372,5.0,16951,81.9,19.184708866733526,13882.869,3252.0,53.245478294147986,6490.869000000001
Taylor County,54091,2019,7416,7031,385,5.2,16864,82.2,19.763994307400377,13862.208,3333.0,53.49797088602335,6446.2080000000005
Taylor County,54091,2020,7216,6653,563,7.8,16817,82.4,20.07492418386157,13857.208,3376.0,52.07398200272378,6641.2080000000005
Taylor County,54091,2021,7224,6860,364,5.0,16727,82.3,20.06934895677647,13766.321,3357.0,52.475893886246006,6542.321
Taylor County,54091,2022,7364,7065,299,4.1,16602,81.9,20.503553788700156,13597.038,3404.0,54.1588543034152,6233.0380000000005
Taylor County,54091,2023,7432,7143,289,3.9,16543,82.1,20.903101009490417,13581.803,3457.9999999999995,54.72027535666656,6149.803
Taylor County,54091,2024,7465,7168,297,4.0,16487,82.0,21.331958512767635,13519.339999999998,3517.0,55.217192555257874,6054.339999999998
Tucker County,54093,2010,3298,2944,354,10.7,7137,82.6,20.0,5895.161999999999,1427.4,55.944179311781426,2597.1619999999994
Tucker County,54093,2011,3223,2933,290,9.0,7119,83.2,20.6,5923.008000000001,1466.5140000000001,54.414918906069346,2700.0080000000007
Tucker County,54093,2012,3197,2948,249,7.8,7109,83.4,20.8,5928.906000000001,1478.672,53.92225817039433,2731.906000000001
Tucker County,54093,2013,3283,3061,222,6.8,7061,84.3,21.2,5952.423,1496.932,55.154010392070596,2669.423
Tucker County,54093,2014,3399,3187,212,6.2,6996,84.5,21.7,5911.62,1518.132,57.49692977559451,2512.62
Tucker County,54093,2015,3466,3260,206,5.9,6972,84.6,22.0,5898.312,1533.84,58.76257478410773,2432.312
Tucker County,54093,2016,3429,3239,190,5.5,6922,84.8,22.6,5869.856,1564.372,58.417105973298156,2440.8559999999998
Tucker County,54093,2017,3317,3141,176,5.3,7035,85.0,23.994314143567873,5979.75,1688.0,55.47054642752624,2662.75
Tucker County,54093,2018,3255,3077,178,5.5,7027,86.1,24.63355628290878,6050.247,1731.0,53.79945645194319,2795.2470000000003
Tucker County,54093,2019,3242,3070,172,5.3,6982,86.5,25.26496705814953,6039.43,1764.0,53.680562569646476,2797.4300000000003
Tucker County,54093,2020,3192,2921,271,8.5,6943,86.6,26.127034423160016,6012.638,1814.0,53.08817859980927,2820.638
Tucker County,54093,2021,3265,3085,180,5.5,6822,87.4,26.341248900615653,5962.428000000001,1797.0,54.759571100900494,2697.428000000001
Tucker County,54093,2022,3434,3304,130,3.8,6747,88.0,26.97495183044316,5937.36,1820.0,57.837153212875755,2503.3599999999997
Tucker County,54093,2023,3363,3245,118,3.5,6698,87.7,27.679904449089282,5874.146,1854.0,57.25087527616781,2511.1459999999997
Tucker County,54093,2024,3344,3224,120,3.6,6654,88.0,28.19356777877968,5855.52,1876.0,57.10850616170724,2511.5200000000004
Tyler County,54095,2010,3548,3152,396,11.2,9339,82.2,17.9,7676.658,1671.681,46.21802873073152,4128.658
Tyler County,54095,2011,3598,3234,364,10.1,9270,82.6,18.0,7657.0199999999995,1668.6,46.989559907117915,4059.0199999999995
Tyler County,54095,2012,3662,3340,322,8.8,9188,82.6,18.4,7589.288,1690.5919999999999,48.2522207616841,3927.2879999999996
Tyler County,54095,2013,3641,3328,313,8.6,9120,82.8,18.8,7551.36,1714.56,48.21648021018731,3910.3599999999997
Tyler County,54095,2014,3643,3318,325,8.9,9084,82.5,19.2,7494.299999999999,1744.128,48.61027714396275,3851.2999999999993
Tyler County,54095,2015,3698,3362,336,9.1,9033,82.8,19.7,7479.324,1779.5009999999997,49.442971049255256,3781.3239999999996
Tyler County,54095,2016,3460,3146,314,9.1,9000,82.6,20.1,7434.0,1809.0,46.54291094969061,3974.0
Tyler County,54095,2017,3131,2885,246,7.9,8949,82.5,20.683875293328864,7382.924999999999,1851.0,42.40866594202163,4251.924999999999
Tyler County,54095,2018,3049,2828,221,7.2,8909,82.8,21.22572679313054,7376.652,1890.9999999999998,41.33311426376085,4327.652
Tyler County,54095,2019,3067,2826,241,7.9,8811,83.1,21.77959368970605,7321.941,1919.0,41.88779996998064,4254.941
Tyler County,54095,2020,2903,2587,316,10.9,8736,83.0,22.355769230769234,7250.879999999999,1953.0000000000002,40.03651970519441,4347.879999999999
Tyler County,54095,2021,2802,2569,233,8.3,8397,83.2,22.519947600333452,6986.304000000001,1891.0,40.10704372440706,4184.304000000001
Tyler County,54095,2022,2866,2697,169,5.9,8336,83.2,23.392514395393473,6935.552000000001,1950.0,41.32331500073822,4069.5520000000006
Tyler County,54095,2023,2835,2668,167,5.9,8181,83.2,23.78682312675712,6806.592000000001,1946.0,41.650799695354145,3971.5920000000006
Tyler County,54095,2024,2824,2648,176,6.2,8064,83.3,24.24355158730159,6717.312,1955.0000000000002,42.04062577411917,3893.312
Upshur County,54097,2010,10365,9430,935,9.0,23984,82.3,16.3,19738.832,3909.3920000000003,52.51070580062691,9373.831999999999
Upshur County,54097,2011,10239,9386,853,8.3,24096,82.4,16.7,19855.104000000003,4024.0319999999997,51.56860422388117,9616.104000000003
Upshur County,54097,2012,10001,9249,752,7.5,24210,82.4,16.9,19949.04,4091.49,50.13273821697686,9948.04
Upshur County,54097,2013,9642,8963,679,7.0,24371,82.2,17.2,20032.962000000003,4191.812,48.130675833159366,10390.962000000003
Upshur County,54097,2014,9656,9017,639,6.6,24487,81.6,17.4,19981.392,4260.737999999999,48.32496154422075,10325.392
Upshur County,54097,2015,9775,9013,762,7.8,24560,81.8,18.0,20090.079999999998,4420.8,48.65585403343342,10315.079999999998
Upshur County,54097,2016,10745,10011,734,6.8,24632,81.5,18.3,20075.079999999998,4507.656,53.52407063882186,9330.079999999998
Upshur County,54097,2017,10231,9657,574,5.6,24604,81.8,18.8465290196716,20126.072,4637.0,50.834559272171944,9895.072
Upshur County,54097,2018,10283,9761,522,5.1,24605,81.8,19.25218451534241,20126.89,4737.0,51.09085407631283,9843.89
Upshur County,54097,2019,10379,9812,567,5.5,24502,81.6,19.76573340951759,19993.631999999998,4843.0,51.91152863071603,9614.631999999998
Upshur County,54097,2020,10181,9287,894,8.8,24451,82.0,20.461330824915137,20049.82,5003.0,50.778510729772144,9868.82
Upshur County,54097,2021,10209,9618,591,5.8,23965,81.3,20.379720425620697,19483.545,4884.0,52.39806205698193,9274.544999999998
Upshur County,54097,2022,10380,9925,455,4.4,23875,81.5,21.047120418848166,19458.125,5025.0,53.34532489641217,9078.125
Upshur County,54097,2023,10515,10071,444,4.2,23758,81.5,21.323343715800995,19362.77,5066.0,54.30524661502461,8847.77
Upshur County,54097,2024,10590,10099,491,4.6,23712,82.5,21.81174089068826,19562.399999999998,5172.0,54.13446202919888,8972.399999999998
Wayne County,54099,2010,16934,15528,1406,8.3,42647,80.4,16.2,34288.188,6908.814,49.387270041799816,17354.188000000002
Wayne County,54099,2011,16501,15213,1288,7.8,42533,80.7,16.4,34324.131,6975.411999999999,48.0740502942376,17823.131
Wayne County,54099,2012,16413,15214,1199,7.3,42273,80.8,16.7,34156.583999999995,7059.590999999999,48.05222911049888,17743.583999999995
Wayne County,54099,2013,16095,14991,1104,6.9,42007,81.0,17.1,34025.670000000006,7183.197,47.302521890090624,17930.670000000006
Wayne County,54099,2014,16041,14961,1080,6.7,41735,81.4,17.3,33972.29,7220.155000000001,47.21789434859999,17931.29
Wayne County,54099,2015,15759,14670,1089,6.9,41499,81.0,17.7,33614.19,7345.322999999999,46.88198644679523,17855.190000000002
Wayne County,54099,2016,15148,14122,1026,6.8,41237,81.1,18.3,33443.206999999995,7546.371,45.294699159682864,18295.206999999995
Wayne County,54099,2017,15264,14357,907,5.9,41063,81.4,19.228989601344278,33425.282,7896.000000000001,45.66603207715645,18161.282
Wayne County,54099,2018,15276,14361,915,6.0,40708,81.5,19.799548000393045,33177.02,8060.0,46.04391835071384,17901.019999999997
Wayne County,54099,2019,15230,14380,850,5.6,40303,81.9,20.373173212912192,33008.157,8211.000000000002,46.14011015519588,17778.157
Wayne County,54099,2020,14965,13671,1294,8.6,39952,82.3,20.922607128554265,32880.496,8359.0,45.51330369225574,17915.496
Wayne County,54099,2021,14859,14058,801,5.4,39337,82.1,20.82771944988179,32295.677,8193.0,46.00925380817996,17436.677
Wayne County,54099,2022,14881,14280,601,4.0,38933,82.5,21.45223846094573,32119.725,8352.000000000002,46.32978644742444,17238.725
Wayne County,54099,2023,15015,14395,620,4.1,38498,82.2,21.806327601433843,31645.356000000003,8395.0,47.44772029109105,16630.356000000003
Wayne County,54099,2024,15068,14402,666,4.4,38164,82.2,22.232994445026726,31370.808,8485.0,48.0319155311524,16302.808
Webster County,54101,2010,3738,3368,370,9.9,9247,81.9,17.3,7573.293000000001,1599.7310000000002,49.35765723048085,3835.2930000000006
Webster County,54101,2011,3630,3302,328,9.0,9202,81.5,17.6,7499.629999999999,1619.5520000000001,48.402387851133994,3869.629999999999
Webster County,54101,2012,3603,3233,370,10.3,9158,82.2,18.5,7527.876,1694.23,47.86210612395847,3924.876
Webster County,54101,2013,3525,3166,359,10.2,9073,81.9,18.8,7430.787,1705.724,47.437774760600725,3905.7870000000003
Webster County,54101,2014,3478,3185,293,8.4,9005,82.2,19.6,7402.110000000001,1764.98,46.98660246875553,3924.1100000000006
Webster County,54101,2015,3513,3255,258,7.3,8927,82.1,20.2,7329.067,1803.254,47.93243123579031,3816.067
Webster County,54101,2016,3506,3213,293,8.4,8820,82.1,21.1,7241.219999999999,1861.0200000000002,48.417255655814905,3735.2199999999993
Webster County,54101,2017,3333,3122,211,6.3,8637,81.9,21.280537223573003,7073.703,1838.0000000000005,47.11817841376716,3740.7030000000004
Webster County,54101,2018,3233,3032,201,6.2,8518,82.6,22.047428973937542,7035.8679999999995,1877.9999999999998,45.950265127202506,3802.8679999999995
Webster County,54101,2019,3383,3172,211,6.2,8386,82.6,22.740281421416647,6926.835999999999,1907.0,48.83903704375274,3543.8359999999993
Webster County,54101,2020,3350,3045,305,9.1,8289,82.4,23.34419109663409,6830.136,1935.0,49.04733961373536,3480.1360000000004
Webster County,54101,2021,3296,3097,199,6.0,8415,82.2,23.54129530600119,6917.13,1981.0,47.649820084341336,3621.13
Webster County,54101,2022,3358,3215,143,4.3,8362,82.9,23.965558478832815,6932.098000000001,2004.0,48.441323247305505,3574.098000000001
Webster County,54101,2023,3091,2939,152,4.9,8253,82.6,24.391130498000727,6816.978,2013.0,45.34267236890012,3725.978
Webster County,54101,2024,3089,2905,184,6.0,8144,82.3,25.11051080550098,6702.512,2044.9999999999998,46.0871983519015,3613.5119999999997
Wetzel County,54103,2010,7010,6207,803,11.5,16697,81.9,18.8,13674.843,3139.036,51.262014488941475,6664.843000000001
Wetzel County,54103,2011,7036,6320,716,10.2,16581,82.4,19.4,13662.744,3216.7139999999995,51.49770792748514,6626.744000000001
Wetzel County,54103,2012,7268,6613,655,9.0,16526,82.3,19.8,13600.898,3272.148,53.43764801412377,6332.897999999999
Wetzel County,54103,2013,7304,6647,657,9.0,16435,82.2,20.3,13509.570000000002,3336.3050000000003,54.06537735842073,6205.5700000000015
Wetzel County,54103,2014,7340,6601,739,10.1,16314,82.2,20.5,13410.108,3344.37,54.73483136750278,6070.108
Wetzel County,54103,2015,7240,6537,703,9.7,16157,82.4,21.1,13313.368,3409.1270000000004,54.38143075441165,6073.368
Wetzel County,54103,2016,6210,5549,661,10.6,15997,81.6,21.3,13053.552,3407.361,47.573258221210594,6843.552
Wetzel County,54103,2017,5719,5212,507,8.9,15793,82.3,21.79446590261508,12997.639,3441.9999999999995,44.000298823501716,7278.638999999999
Wetzel County,54103,2018,5570,5112,458,8.2,15614,82.2,22.306904060458564,12834.708,3483.0,43.39794874959368,7264.7080000000005
Wetzel County,54103,2019,5539,5065,474,8.6,15436,81.8,22.77144337911376,12626.648,3515.0,43.8675410924578,7087.647999999999
Wetzel County,54103,2020,5440,4799,641,11.8,15291,82.2,23.608658688117192,12569.202000000001,3610.0,43.28039282048295,7129.202000000001
Wetzel County,54103,2021,5403,4962,441,8.2,14629,82.1,22.968077107116002,12010.409,3360.0,44.985978412558644,6607.409
Wetzel County,54103,2022,5332,4982,350,6.6,14431,81.8,22.805072413554154,11804.557999999999,3291.0,45.168993197373425,6472.557999999999
Wetzel County,54103,2023,5394,5028,366,6.8,14233,81.2,22.7429213798918,11557.196,3237.0,46.67222049362147,6163.196
Wetzel County,54103,2024,5427,5051,376,6.9,14078,81.3,22.865463844296066,11445.413999999999,3219.0,47.41637130819384,6018.413999999999
Wirt County,54105,2010,2290,2010,280,12.2,5753,81.7,15.0,4700.201,862.9499999999999,48.721320641393845,2410.201
Wirt County,54105,2011,2274,2022,252,11.1,5749,82.0,15.3,4714.179999999999,879.597,48.23744532453153,2440.1799999999994
Wirt County,54105,2012,2297,2055,242,10.5,5769,81.2,16.0,4684.428,923.04,49.03480211458048,2387.428
Wirt County,54105,2013,2326,2092,234,10.1,5796,82.1,16.2,4758.516,938.952,48.88078552220903,2432.5159999999996
Wirt County,54105,2014,2289,2072,217,9.5,5810,81.5,16.9,4735.15,981.8899999999999,48.340601670485626,2446.1499999999996
Wirt County,54105,2015,2282,2052,230,10.1,5841,81.0,17.5,4731.21,1022.175,48.23290447898106,2449.21
Wirt County,54105,2016,2165,1973,192,8.9,5826,80.6,18.0,4695.755999999999,1048.68,46.105462038487524,2530.7559999999994
Wirt County,54105,2017,2145,1975,170,7.9,5800,80.0,18.275862068965516,4640.0,1059.9999999999998,46.228448275862064,2495.0
Wirt County,54105,2018,2131,1985,146,6.9,5797,80.6,19.027082973952044,4672.382,1103.0,45.60842842045022,2541.3819999999996
Wirt County,54105,2019,2169,1994,175,8.1,5798,81.5,19.610210417385304,4725.37,1137.0,45.90116752762218,2556.37
Wirt County,54105,2020,2083,1849,234,11.2,5764,82.0,20.0381679389313,4726.48,1155.0,44.070851881315484,2643.4799999999996
Wirt County,54105,2021,2034,1869,165,8.1,5264,81.7,20.25075987841945,4300.688,1066.0,47.29475842004814,2266.688
Wirt County,54105,2022,2054,1928,126,6.1,5202,82.1,21.222606689734718,4270.842,1104.0,48.093560941847066,2216.8419999999996
Wirt County,54105,2023,2052,1929,123,6.0,5131,82.1,22.237380627557982,4212.5509999999995,1141.0,48.71157642957914,2160.5509999999995
Wirt County,54105,2024,2043,1916,127,6.2,5053,82.4,23.095190975658024,4163.6720000000005,1167.0,49.0672656251501,2120.6720000000005
Wood County,54107,2010,39333,35929,3404,8.7,86731,80.4,16.6,69731.724,14397.346000000001,56.406177480998466,30398.724000000002
Wood County,54107,2011,38639,35583,3056,7.9,86852,80.7,16.8,70089.564,14591.136,55.12803589418819,31450.564
Wood County,54107,2012,38603,35907,2696,7.0,86835,80.8,17.0,70162.68,14761.95,55.01927805494318,31559.679999999993
Wood County,54107,2013,38575,36210,2365,6.1,86779,80.8,17.3,70117.432,15012.767000000002,55.01484994487533,31542.432
Wood County,54107,2014,38252,36019,2233,5.8,86595,81.0,17.7,70141.95000000001,15327.314999999999,54.535124843264256,31889.95000000001
Wood County,54107,2015,37534,35238,2296,6.1,86559,81.1,18.1,70199.349,15667.179000000002,53.46773230048045,32665.349000000002
Wood County,54107,2016,37466,35346,2120,5.7,86262,81.2,18.6,70044.744,16044.732000000002,53.48866718679134,32578.744000000006
Wood County,54107,2017,37357,35361,1996,5.3,86016,81.2,19.137137276785715,69844.992,16461.0,53.48558132843655,32487.992
Wood County,54107,2018,37453,35507,1946,5.2,85556,81.4,19.580158025153118,69642.584,16752.000000000004,53.77887759018246,32189.584000000003
Wood County,54107,2019,37756,35874,1882,5.0,84960,81.4,19.943502824858758,69157.44,16944.0,54.594270695965605,31401.440000000002
Wood County,54107,2020,36855,33709,3146,8.5,84387,81.5,20.358586038133836,68775.405,17180.0,53.587470695374314,31920.405
Wood County,54107,2021,36727,34795,1932,5.3,84678,81.5,20.298070337041498,69012.56999999999,17188.0,53.21784132948535,32285.569999999992
Wood County,54107,2022,37000,35521,1479,4.0,84272,81.7,21.021217011581545,68850.224,17715.0,53.73983968447219,31850.224000000002
Wood County,54107,2023,37408,35925,1483,4.0,83829,81.5,21.22296579942502,68320.635,17791.0,54.75358945361091,30912.634999999995
Wood County,54107,2024,37272,35726,1546,4.1,83407,81.8,21.61209490810124,68226.92599999999,18026.000000000004,54.629458170224474,30954.925999999992
Wyoming County,54109,2010,8410,7557,853,10.1,23993,81.3,14.8,19506.308999999997,3550.9640000000004,43.11425600814589,11096.308999999997
Wyoming County,54109,2011,8312,7609,703,8.5,23818,81.4,14.9,19387.852000000003,3548.882,42.87220678185494,11075.852000000003
Wyoming County,54109,2012,8387,7646,741,8.8,23668,81.5,15.3,19289.42,3621.2039999999997,43.479793586328675,10902.419999999998
Wyoming County,54109,2013,8314,7553,761,9.2,23479,81.2,15.8,19064.948,3709.6820000000002,43.60882599837146,10750.948
Wyoming County,54109,2014,8039,7288,751,9.3,23203,81.1,16.1,18817.632999999998,3735.683,42.7205695849207,10778.632999999998
Wyoming County,54109,2015,7835,7101,734,9.4,22866,81.6,16.8,18658.656,3841.4880000000003,41.99123452407291,10823.655999999999
Wyoming County,54109,2016,7653,6888,765,10.0,22537,81.8,17.8,18435.266,4011.5860000000002,41.512826557533806,10782.266
Wyoming County,54109,2017,7070,6572,498,7.0,22130,81.8,18.721192950745593,18102.34,4143.0,39.05572428757829,11032.34
Wyoming County,54109,2018,7036,6556,480,6.8,21711,82.1,19.602966238312376,17824.731,4256.0,39.47324646862834,10788.731
Wyoming County,54109,2019,6812,6334,478,7.0,21281,82.3,20.78379775386495,17514.263,4423.0,38.89401455259636,10702.262999999999
Wyoming County,54109,2020,6928,6248,680,9.8,20890,82.5,21.73288654858784,17234.25,4539.999999999999,40.199022295719274,10306.25
Wyoming County,54109,2021,7053,6634,419,5.9,21581,82.2,21.77378249386034,17739.582000000002,4699.0,39.7585467346412,10686.582000000002
Wyoming County,54109,2022,7237,6926,311,4.3,21237,82.8,22.55026604510995,17584.236,4789.0,41.156181024867955,10347.236
Wyoming County,54109,2023,7198,6889,309,4.3,20948,83.5,22.91865571892305,17491.579999999998,4801.0,41.1512281909353,10293.579999999998
Wyoming County,54109,2024,7013,6685,328,4.7,20629,83.6,23.44757380386834,17245.844,4837.0,40.66486975064833,10232.844000000001
